driverId,driverScore,driveDistanceMeters,driveTimeMilliseconds,count_obstructedCamera,count_mobileUsage,count_noSeatbelt,count_distractedDrivingAutomatic,count_followingDistance,count_drowsy,count_braking,count_defensiveDriving,count_harshTurn,count_crash,scoreImpact_obstructedCamera,scoreImpact_mobileUsage,scoreImpact_noSeatbelt,scoreImpact_distractedDrivingAutomatic,scoreImpact_followingDistance,scoreImpact_drowsy,scoreImpact_braking,scoreImpact_defensiveDriving,scoreImpact_harshTurn,scoreImpact_crash,durationMilliseconds_maxSpeed,scoreImpact_maxSpeed,MaxSpeed_coached,Drowsy_coached,MobileUsage_coached,NoSeatbelt_coached,Braking_coached,ObstructedCamera_coached,DefensiveDriving_coached,HarshTurn_coached,driverName,tagId,tagName,parentTagId,parentTagName,fecha_corte
50752942,0,4120536,224765494,8,36,27,9,0,0,0,0,0,0,-156.22666565708928,-42.18119972741409,-10.54529993185352,-1.4415024042791906,0.0,0.0,0.0,0.0,0.0,0.0,2860085,-6.362375623368594,14,0,8,5,0,2,0,0,RODMA,4433638,Circuitos,4363966,EC-03,2026-05-17T23:59:59.000000
51249919,27,2482764,122698925,2,2,2,0,1,0,0,0,0,0,-64.82065955523764,-3.889239573314258,-1.2964131911047527,0.0,-0.29340110355490073,0.0,0.0,0.0,0.0,0.0,582819,-2.3749963579550517,0,0,0,0,0,0,0,0,BREISR,4433638,Circuitos,4363966,EC-03,2026-05-17T23:59:59.000000
51334958,0,153601,13411941,0,6,0,0,0,0,0,0,0,0,0.0,-188.5937721759624,0.0,0.0,0.0,0.0,0.0,0.0,0.0,0.0,0,0.0,0,0,2,0,0,0,0,0,REYJA02,4433380,Liverpool Local,4363964,EC-01,2026-05-17T23:59:59.000000
51338967,63,5491672,316001594,0,35,17,0,0,1,0,0,0,0,0.0,-30.770432028715472,-4.981879471315838,0.0,0.0,-1.4652586680340707,0.0,0.0,0.0,0.0,0,0.0,0,0,0,0,0,0,0,0,LUNADO,7353098,MeLi Dedicado TD,4363967,EC-05,2026-05-17T23:59:59.000000
51339956,54,2270633,160946350,0,17,9,0,0,0,1,0,0,0,0.0,-36.14698808658202,-6.378880250573298,0.0,0.0,0.0,-3.5438223614296103,0.0,0.0,0.0,34023,-0.10569671197886749,0,0,1,5,0,0,0,0,TORAN,5152024,Pasa,4363965,EC-02,2026-05-17T23:59:59.000000
51340099,49,1743276,81466804,0,15,10,0,0,0,0,0,0,0,0.0,-41.54275054552462,-9.231722343449917,0.0,0.0,0.0,0.0,0.0,0.0,0.0,0,0.0,0,0,15,10,0,0,0,0,ZAMROB,7353098,MeLi Dedicado TD,4363967,EC-05,2026-05-17T23:59:59.000000
51340107,67,5562993,283292566,0,37,2,0,0,0,1,1,0,0,0.0,-32.111703897524215,-0.5785892594148511,0.0,0.0,0.0,0.0,0.0,0.0,0.0,34990,-0.061755944559448835,0,0,0,0,0,0,0,0,CELJOS,7353098,MeLi Dedicado TD,4363967,EC-05,2026-05-17T23:59:59.000000
51348566,28,4395590,237745881,0,47,7,0,0,0,0,0,0,0,0.0,-51.62390122827648,-2.562888713460537,0.0,0.0,0.0,0.0,0.0,0.0,0.0,8346853,-17.55414849858114,46,0,20,4,0,0,0,0,ESPAL,4433638,Circuitos,4363966,EC-03,2026-05-17T23:59:59.000000
51348568,96,2561090,146081452,0,2,0,0,0,0,0,0,0,0,0.0,-3.770294679218614,0.0,0.0,0.0,0.0,0.0,0.0,0.0,0.0,51965,-0.17786310064880792,0,0,0,0,0,0,0,0,RAMBEN,4363972,MeLi Asignado,4363967,EC-05,2026-05-17T23:59:59.000000
51350761,83,1846771,109509900,0,6,0,0,0,0,0,0,0,0,0.0,-15.685860347601297,0.0,0.0,0.0,0.0,0.0,0.0,0.0,0.0,223022,-1.0182732337441638,0,0,0,0,0,0,0,0,CARCRI01,4363972,MeLi Asignado,4363967,EC-05,2026-05-17T23:59:59.000000
51370204,63,1596824,78718910,0,2,12,0,0,0,0,0,0,0,0.0,-6.047043381111507,-12.094086762223014,0.0,0.0,0.0,0.0,0.0,0.0,0.0,2974211,-18.89133754519721,0,0,0,0,0,0,0,0,HERROD,4363972,MeLi Asignado,4363967,EC-05,2026-05-17T23:59:59.000000
51372048,38,4086442,215503936,0,42,22,2,0,0,0,0,0,0,0.0,-49.62198019695371,-8.664155272483985,-0.3341006263570054,0.0,0.0,0.0,0.0,0.0,0.0,1520603,-3.528016769030149,15,0,20,10,0,0,0,0,BONAR,4433638,Circuitos,4363966,EC-03,2026-05-17T23:59:59.000000
51560569,0,2111351,115084958,1,34,2,4,0,0,0,0,0,0,-38.111711411319106,-77.74789127909098,-1.5244684564527642,-1.2512495334099178,0.0,0.0,0.0,0.0,0.0,0.0,0,0.0,0,0,25,2,0,1,0,0,REVELI,7353088,Circuitos Expo,4363966,EC-03,2026-05-17T23:59:59.000000
51562814,66,5968846,286397165,0,39,8,0,2,0,1,1,0,0,0.0,-31.546005375243364,-2.1569918205294627,0.0,-0.2513991365801404,0.0,0.0,0.0,0.0,0.0,156432,-0.2731032620382258,0,0,0,0,0,0,0,0,ESCSAU,4363972,MeLi Asignado,4363967,EC-05,2026-05-17T23:59:59.000000
51563031,95,3472942,160068488,0,2,0,0,0,0,0,0,0,0,0.0,-2.780370072405471,0.0,0.0,0.0,0.0,0.0,0.0,0.0,0.0,561817,-1.7549269285282436,0,0,0,0,0,0,0,0,ESCJOR,7353098,MeLi Dedicado TD,4363967,EC-05,2026-05-17T23:59:59.000000
51563095,92,6642514,318669089,0,10,1,0,0,0,0,0,0,0,0.0,-7.268380616134192,-0.24227935387113975,0.0,0.0,0.0,0.0,0.0,0.0,0.0,0,0.0,0,0,0,0,0,0,0,0,MENBER,7353098,MeLi Dedicado TD,4363967,EC-05,2026-05-17T23:59:59.000000
51596622,46,5143996,253091334,1,2,15,0,0,0,1,0,1,0,-15.642935958737139,-1.8771523150484566,-4.692880787621142,0.0,0.0,0.0,-1.5642935958737139,0.0,-1.5642935958737139,0.0,14421997,-28.491684744922956,38,0,0,0,0,0,0,0,DELBL,4433638,Circuitos,4363966,EC-03,2026-05-17T23:59:59.000000
51596632,87,2034037,108844704,0,4,0,0,0,0,0,0,0,0,0.0,-9.494482155437684,0.0,0.0,0.0,0.0,0.0,0.0,0.0,0.0,795965,-3.6564250291865372,0,0,0,0,0,0,0,0,MARLEO,4363972,MeLi Asignado,4363967,EC-05,2026-05-17T23:59:59.000000
51655482,45,4336467,221378345,2,0,35,1,0,0,1,0,0,0,-37.111870100706405,0.0,-12.989154535247254,-0.16261753153859743,0.0,0.0,-1.8555935050353203,0.0,0.0,0.0,1243718,-2.809032654029463,0,0,0,0,0,0,0,0,GALSA,4433382,Liverpool Full,4363964,EC-01,2026-05-17T23:59:59.000000
51846829,7,4058009,198644667,0,45,20,0,3,0,1,0,0,0,0.0,-53.53892512313309,-7.931692610834525,0.0,-0.543684366819674,0.0,-1.982923152708631,0.0,0.0,0.0,11486463,-28.912085014595434,161,0,18,9,1,0,0,0,CHAJE,4363972,MeLi Asignado,4363967,EC-05,2026-05-17T23:59:59.000000
51846860,81,2940169,172243893,0,11,1,0,0,0,0,0,0,0,0.0,-18.06302698926491,-0.5473644542201487,0.0,0.0,0.0,0.0,0.0,0.0,0.0,80975,-0.23505913211100032,0,0,0,0,0,0,0,0,GONCAR01,7353098,MeLi Dedicado TD,4363967,EC-05,2026-05-17T23:59:59.000000
51930435,88,1271300,71878936,0,0,9,0,0,0,0,0,0,0,0.0,0.0,-11.393137733029183,0.0,0.0,0.0,0.0,0.0,0.0,0.0,136694,-0.9508627117129279,0,0,0,1,0,0,0,0,PERAN01,7353098,MeLi Dedicado TD,4363967,EC-05,2026-05-17T23:59:59.000000
51930504,87,2940007,162922129,0,0,1,0,0,0,0,0,0,0,0.0,0.0,-0.547394615046835,0.0,0.0,0.0,0.0,0.0,0.0,0.0,4155298,-12.752405168974928,0,0,0,0,0,0,0,0,BAUGEO,4363972,MeLi Asignado,4363967,EC-05,2026-05-17T23:59:59.000000
51930529,57,2395728,137727736,1,2,2,0,0,0,0,0,0,0,-33.587786259541986,-4.030534351145038,-1.3435114503816796,0.0,0.0,0.0,0.0,0.0,0.0,0.0,1242131,-4.509371300490992,0,0,0,0,0,0,0,0,SOSMAR,4363972,MeLi Asignado,4363967,EC-05,2026-05-17T23:59:59.000000
52105138,90,806701,90960677,0,0,0,0,0,0,0,0,1,0,0.0,0.0,0.0,0.0,0.0,0.0,0.0,0.0,-9.974848177949452,0.0,0,0.0,0,0,0,0,0,0,0,0,LOPJUA,4713211,Walmart Sencillo ,4363970,EC-08,2026-05-17T23:59:59.000000
52105145,83,680634,66464699,0,0,2,0,0,0,0,0,1,0,0.0,0.0,-4.728955650173221,0.0,0.0,0.0,0.0,0.0,-11.822389125433052,0.0,0,0.0,0,0,0,0,0,0,0,0,PENJUA,4713211,Walmart Sencillo ,4363970,EC-08,2026-05-17T23:59:59.000000
52105177,100,181540,18823649,0,0,0,0,0,0,0,0,0,0,0.0,0.0,0.0,0.0,0.0,0.0,0.0,0.0,0.0,0.0,0,0.0,0,0,0,0,0,0,0,0,SOLLUI,4713211,Walmart Sencillo ,4363970,EC-08,2026-05-17T23:59:59.000000
52105184,68,450079,43002352,0,1,1,0,0,0,0,0,1,0,0.0,-10.727076802072524,-3.5756922673575087,0.0,0.0,0.0,0.0,0.0,-17.87846133678754,0.0,0,0.0,0,0,0,0,0,0,0,0,GONWEI,4713211,Walmart Sencillo ,4363970,EC-08,2026-05-17T23:59:59.000000
52105200,93,2459421,184707193,0,2,0,0,0,0,1,0,0,0,0.0,-3.9261533507276707,0.0,0.0,0.0,0.0,-3.2717944589397256,0.0,0.0,0.0,0,0.0,0,0,0,0,0,0,0,0,MAYSA,5199942,Walmart Full,4363970,EC-08,2026-05-17T23:59:59.000000
52105225,53,1491785,114631758,0,12,6,0,0,0,0,0,0,0,0.0,-38.83695304618292,-6.472825507697155,0.0,0.0,0.0,0.0,0.0,0.0,0.0,373495,-1.6291078777662993,6,0,11,1,0,0,0,0,TOVREN,4713211,Walmart Sencillo ,4363970,EC-08,2026-05-17T23:59:59.000000
52105255,58,733844,63907493,0,6,0,0,0,0,0,0,0,0,0.0,-39.47459133003745,0.0,0.0,0.0,0.0,0.0,0.0,0.0,0.0,266043,-2.081469539103967,6,0,4,0,0,0,0,0,GAROMA,4713211,Walmart Sencillo ,4363970,EC-08,2026-05-17T23:59:59.000000
52105262,100,796507,78166162,0,0,0,0,0,0,0,0,0,0,0.0,0.0,0.0,0.0,0.0,0.0,0.0,0.0,0.0,0.0,0,0.0,0,0,0,0,0,0,0,0,SOTLAZ,4713211,Walmart Sencillo ,4363970,EC-08,2026-05-17T23:59:59.000000
52105303,100,21879,5341986,0,0,0,0,0,0,0,0,0,0,0.0,0.0,0.0,0.0,0.0,0.0,0.0,0.0,0.0,0.0,0,0.0,0,0,0,0,0,0,0,0,MARJO13,5199942,Walmart Full,4363970,EC-08,2026-05-17T23:59:59.000000
52105339,100,86389,4590988,0,0,0,0,0,0,0,0,0,0,0.0,0.0,0.0,0.0,0.0,0.0,0.0,0.0,0.0,0.0,0,0.0,0,0,0,0,0,0,0,0,VILJE,5199942,Walmart Full,4363970,EC-08,2026-05-17T23:59:59.000000
52105342,99,2417605,147106371,0,0,1,0,0,0,0,0,0,0,0.0,0.0,-0.6656769819718276,0.0,0.0,0.0,0.0,0.0,0.0,0.0,0,0.0,0,0,0,0,0,0,0,0,MORFRE01,5199942,Walmart Full,4363970,EC-08,2026-05-17T23:59:59.000000
52105352,100,87195,7867888,0,0,0,0,0,0,0,0,0,0,0.0,0.0,0.0,0.0,0.0,0.0,0.0,0.0,0.0,0.0,0,0.0,0,0,0,0,0,0,0,0,GARERW,4713211,Walmart Sencillo ,4363970,EC-08,2026-05-17T23:59:59.000000
52105384,97,2514271,175936933,0,0,4,0,0,0,0,0,0,0,0.0,0.0,-2.5603349837785987,0.0,0.0,0.0,0.0,0.0,0.0,0.0,0,0.0,0,0,0,0,0,0,0,0,MENRI,5199942,Walmart Full,4363970,EC-08,2026-05-17T23:59:59.000000
52105387,62,212638,17095948,0,0,0,0,0,1,0,0,0,0,0.0,0.0,0.0,0.0,0.0,-37.84234238471016,0.0,0.0,0.0,0.0,0,0.0,0,0,0,0,0,0,0,0,PERVIC01,4713211,Walmart Sencillo ,4363970,EC-08,2026-05-17T23:59:59.000000
52105389,81,2300362,144065388,0,9,0,0,0,0,0,0,0,0,0.0,-18.889326114759328,0.0,0.0,0.0,0.0,0.0,0.0,0.0,0.0,0,0.0,0,0,0,0,0,0,0,0,PINGUA,5199942,Walmart Full,4363970,EC-08,2026-05-17T23:59:59.000000
52105392,0,574348,35687931,0,2,2,0,0,0,0,0,0,1,0.0,-16.812218376315407,-5.604072792105135,0.0,0.0,0.0,0.0,0.0,0.0,-140.10181980262837,0,0.0,0,0,0,0,0,0,0,0,RAMBAR,5199942,Walmart Full,4363970,EC-08,2026-05-17T23:59:59.000000
52105394,73,721314,62941427,0,4,0,0,0,0,0,0,0,0,0.0,-26.773538292615974,0.0,0.0,0.0,0.0,0.0,0.0,0.0,0.0,0,0.0,0,0,0,0,0,0,0,0,MARGON,4713211,Walmart Sencillo ,4363970,EC-08,2026-05-17T23:59:59.000000
52105397,71,2971081,180811889,0,18,0,0,0,0,0,0,0,0,0.0,-29.25015373192452,0.0,0.0,0.0,0.0,0.0,0.0,0.0,0.0,33006,-0.09127165304931913,0,0,1,0,0,0,0,0,NUCRIG,5199942,Walmart Full,4363970,EC-08,2026-05-17T23:59:59.000000
52105406,79,706280,63640793,0,3,0,0,0,0,0,0,0,0,0.0,-20.507583394687664,0.0,0.0,0.0,0.0,0.0,0.0,0.0,0.0,0,0.0,0,0,0,0,0,0,0,0,BAUTRI,4713211,Walmart Sencillo ,4363970,EC-08,2026-05-17T23:59:59.000000
52105408,97,2437288,153874655,0,0,0,0,0,1,0,0,0,0,0.0,0.0,0.0,0.0,0.0,-3.3015056078723566,0.0,0.0,0.0,0.0,0,0.0,0,0,0,0,0,0,0,0,ALFEDI,5199942,Walmart Full,4363970,EC-08,2026-05-17T23:59:59.000000
52105411,61,2632512,154942080,0,20,3,0,1,0,0,0,0,0,0.0,-36.68003792575305,-1.834001896287652,0.0,-0.23234488655373672,0.0,0.0,0.0,0.0,0.0,74021,-0.2388666784388076,0,0,0,0,0,0,0,0,DELALE,5379379,Wm Backhaul,4363970,EC-08,2026-05-17T23:59:59.000000
52109070,57,2750785,170638151,0,21,10,0,0,0,0,0,0,0,0.0,-36.85808669161712,-5.850489951050336,0.0,0.0,0.0,0.0,0.0,0.0,0.0,190081,-0.556970990619794,0,0,0,0,0,0,0,0,MENJUA01,5199942,Walmart Full,4363970,EC-08,2026-05-17T23:59:59.000000
52109156,18,1585661,148149530,0,26,0,0,0,0,0,0,0,0,0.0,-79.16498671531936,0.0,0.0,0.0,0.0,0.0,0.0,0.0,0.0,938562,-3.1676172040505293,3,0,8,0,0,0,0,0,COLALE,4433380,Liverpool Local,4363964,EC-01,2026-05-17T23:59:59.000000
52109193,1,308124,96355031,0,0,14,0,0,0,1,0,0,0,0.0,0.0,-73.12256104685127,0.0,0.0,0.0,-26.115200373875453,0.0,0.0,0.0,0,0.0,0,0,0,2,0,0,0,0,CAMEST,6862126,Patieros Crisa,5021095,EC-10,2026-05-17T23:59:59.000000
52131673,51,978299,105363366,0,5,0,0,0,0,3,0,0,0,0.0,-24.67564619814597,0.0,0.0,0.0,0.0,-24.67564619814597,0.0,0.0,0.0,0,0.0,0,0,0,0,0,0,0,0,ALVGE,4433380,Liverpool Local,4363964,EC-01,2026-05-17T23:59:59.000000
52131678,82,542798,48186125,0,0,6,0,0,0,0,0,0,0,0.0,0.0,-17.789424426766494,0.0,0.0,0.0,0.0,0.0,0.0,0.0,0,0.0,0,0,0,0,0,0,0,0,ORTROB,4433380,Liverpool Local,4363964,EC-01,2026-05-17T23:59:59.000000
52131698,0,1094851,109392146,3,7,2,0,0,0,0,0,0,0,-220.48808468001582,-30.868331855202214,-2.9398411290668776,0.0,0.0,0.0,0.0,0.0,0.0,0.0,101039,-0.4618201749145684,0,0,0,0,0,0,0,0,FLOERI,4433380,Liverpool Local,4363964,EC-01,2026-05-17T23:59:59.000000
52136977,74,1560084,144769447,0,1,22,0,0,0,0,0,0,0,0.0,-3.0947256686178437,-22.69465490319752,0.0,0.0,0.0,0.0,0.0,0.0,0.0,0,0.0,0,0,0,0,0,0,0,0,QUILA,4433380,Liverpool Local,4363964,EC-01,2026-05-17T23:59:59.000000
52137058,73,1112219,107362179,0,3,10,0,0,0,0,0,0,0,0.0,-13.022701464369877,-14.469668293744304,0.0,0.0,0.0,0.0,0.0,0.0,0.0,0,0.0,0,0,0,0,0,0,0,0,GONAL01,4433380,Liverpool Local,4363964,EC-01,2026-05-17T23:59:59.000000
52138614,32,1404454,111825262,0,9,19,0,0,0,0,0,0,0,0.0,-30.93891861178792,-21.77183161570262,0.0,0.0,0.0,0.0,0.0,0.0,0.0,3458226,-15.462633121306704,6,0,1,4,0,0,0,0,SILEL01,4433380,Liverpool Local,4363964,EC-01,2026-05-17T23:59:59.000000
52138674,0,4686389,259410032,3,47,34,3,0,0,0,0,0,0,-51.51121684520855,-48.42054383449603,-11.675875818247269,-0.4163293114277091,0.0,0.0,0.0,0.0,0.0,0.0,689568,-1.329108197326771,5,0,22,15,0,2,0,0,ANGMIG,4433382,Liverpool Full,4363964,EC-01,2026-05-17T23:59:59.000000
52138730,88,5113913,278393963,0,12,1,0,0,0,0,0,0,0,0.0,-11.32916887713968,-0.3146991354761022,0.0,0.0,0.0,0.0,0.0,0.0,0.0,77032,-0.1383507012326988,0,0,0,0,0,0,0,0,PERJU04,7353098,MeLi Dedicado TD,4363967,EC-05,2026-05-17T23:59:59.000000
52138734,31,350234,18590103,0,5,0,0,0,0,0,0,0,0,0.0,-68.9258038911128,0.0,0.0,0.0,0.0,0.0,0.0,0.0,0.0,0,0.0,0,0,0,0,0,0,0,0,PERLUI01,7353098,MeLi Dedicado TD,4363967,EC-05,2026-05-17T23:59:59.000000
52138748,90,2416021,150380235,0,3,6,0,0,0,0,0,0,0,0.0,-5.995020738644242,-3.9966804924294954,0.0,0.0,0.0,0.0,0.0,0.0,0.0,0,0.0,0,0,0,0,0,0,0,0,CAMVI01,5199942,Walmart Full,4363970,EC-08,2026-05-17T23:59:59.000000
52144442,63,1331779,131138412,0,9,0,0,0,0,0,0,0,0,0.0,-32.62725121810751,0.0,0.0,0.0,0.0,0.0,0.0,0.0,0.0,1182809,-4.509773231049953,0,0,0,0,0,0,0,0,JUAJOR,4433380,Liverpool Local,4363964,EC-01,2026-05-17T23:59:59.000000
52144446,48,1675248,169624380,0,10,24,0,0,0,0,0,0,0,0.0,-28.819804590126367,-23.055843672101098,0.0,0.0,0.0,0.0,0.0,0.0,0.0,86990,-0.2564195076203079,1,0,6,5,0,0,0,0,GONCES,4433380,Liverpool Local,4363964,EC-01,2026-05-17T23:59:59.000000
52144491,76,68151,20321709,0,0,1,0,0,0,0,0,0,0,0.0,0.0,-23.614385702337458,0.0,0.0,0.0,0.0,0.0,0.0,0.0,0,0.0,0,0,0,0,0,0,0,0,MARRIC,6862126,Patieros Crisa,5021095,EC-10,2026-05-17T23:59:59.000000
52172031,100,353893,22617116,0,0,0,0,0,0,0,0,0,0,0.0,0.0,0.0,0.0,0.0,0.0,0.0,0.0,0.0,0.0,0,0.0,0,0,0,0,0,0,0,0,APADAN,7353098,MeLi Dedicado TD,4363967,EC-05,2026-05-17T23:59:59.000000
52189741,68,3268355,161632113,0,19,0,0,0,0,0,0,0,0,0.0,-28.066904604915926,0.0,0.0,0.0,0.0,0.0,0.0,0.0,0.0,1210021,-3.743133024561771,1,0,5,0,0,0,0,0,REYFER01,4363972,MeLi Asignado,4363967,EC-05,2026-05-17T23:59:59.000000
52194915,100,355790,17717576,0,0,0,0,0,0,0,0,0,0,0.0,0.0,0.0,0.0,0.0,0.0,0.0,0.0,0.0,0.0,0,0.0,0,0,0,0,0,0,0,0,LEOJAI,5379379,Wm Backhaul,4363970,EC-08,2026-05-17T23:59:59.000000
52194966,64,1803526,94262142,0,13,0,0,0,0,0,0,0,0,0.0,-34.80094880805711,0.0,0.0,0.0,0.0,0.0,0.0,0.0,0.0,137959,-0.7317837101558757,0,0,0,0,0,0,0,0,SOSERN,4363972,MeLi Asignado,4363967,EC-05,2026-05-17T23:59:59.000000
52227090,0,100338,5008984,1,0,2,0,0,0,0,0,0,0,-801.9613705674818,0.0,-32.07845482269928,0.0,0.0,0.0,0.0,0.0,0.0,0.0,0,0.0,0,0,0,0,0,0,0,0,LOPJOS03,7353093,Sayer Pipas,4363965,EC-02,2026-05-17T23:59:59.000000
52227201,45,3904548,188834190,1,17,30,0,0,0,0,0,0,0,-20.608582606744747,-21.020754258879652,-12.365149564046845,0.0,0.0,0.0,0.0,0.0,0.0,0.0,544395,-1.4414630104855481,0,0,0,1,0,0,0,0,,,,,,2026-05-17T23:59:59.000000
52244876,38,5141514,239497694,0,52,30,10,0,0,1,0,0,0,0.0,-48.829520643141336,-9.390292431373323,-1.5031459968879703,0.0,0.0,-1.5650487385622212,0.0,0.0,0.0,475988,-0.9937214677315431,5,0,20,10,0,0,0,0,PERJAV,7353088,Circuitos Expo,4363966,EC-03,2026-05-17T23:59:59.000000
52244959,89,442917,51304561,0,1,0,0,0,0,0,0,0,0,0.0,-10.900534411639201,0.0,0.0,0.0,0.0,0.0,0.0,0.0,0.0,0,0.0,0,0,0,0,0,0,0,0,JUAOSC,4433380,Liverpool Local,4363964,EC-01,2026-05-17T23:59:59.000000
52253023,100,15253,1290979,0,0,0,0,0,0,0,0,0,0,0.0,0.0,0.0,0.0,0.0,0.0,0.0,0.0,0.0,0.0,0,0.0,0,0,0,0,0,0,0,0,DELANG,4713211,Walmart Sencillo ,4363970,EC-08,2026-05-17T23:59:59.000000
52359820,0,55087,24025452,0,0,7,0,0,0,1,0,0,0,0.0,0.0,-204.5021148365313,0.0,0.0,0.0,-146.07293916895094,0.0,0.0,0.0,0,0.0,0,0,0,4,0,0,0,0,SALJES,6862126,Patieros Crisa,5021095,EC-10,2026-05-17T23:59:59.000000
52533068,56,3458908,165734964,0,13,2,0,0,2,0,0,1,0,0.0,-18.14573154301878,-0.9305503355394246,0.0,0.0,-4.652751677697123,0.0,0.0,-2.3263758388485614,0.0,5827301,-17.580180003538665,0,0,0,0,0,0,0,0,SANMA05,4433384,Pipas,4363965,EC-02,2026-05-17T23:59:59.000000
52621823,100,1365884,71677711,0,0,0,0,0,0,0,0,0,0,0.0,0.0,0.0,0.0,0.0,0.0,0.0,0.0,0.0,0.0,0,0.0,0,0,0,0,0,0,0,0,ARASAL,4363972,MeLi Asignado,4363967,EC-05,2026-05-17T23:59:59.000000
52622292,89,1697574,109812389,0,2,4,0,0,0,0,0,0,0,0.0,-5.688154978810939,-3.792103319207292,0.0,0.0,0.0,0.0,0.0,0.0,0.0,300936,-1.3702279075269004,0,0,0,0,0,0,0,0,GUTBE,4363972,MeLi Asignado,4363967,EC-05,2026-05-17T23:59:59.000000
52629696,99,2872238,201303227,0,0,1,0,0,0,0,0,0,0,0.0,0.0,-0.5603101135769389,0.0,0.0,0.0,0.0,0.0,0.0,0.0,0,0.0,0,0,0,0,0,0,0,0,HERRE,4363972,MeLi Asignado,4363967,EC-05,2026-05-17T23:59:59.000000
52629712,35,73797,29839538,0,0,3,0,0,0,0,0,0,0,0.0,0.0,-65.42314728240984,0.0,0.0,0.0,0.0,0.0,0.0,0.0,0,0.0,0,0,0,1,0,0,0,0,TORJUA01,6862126,Patieros Crisa,5021095,EC-10,2026-05-17T23:59:59.000000
52629886,74,6745603,344574327,0,29,10,0,0,0,0,0,0,0,0.0,-20.756176727269597,-2.3857674399160462,0.0,0.0,0.0,0.0,0.0,0.0,0.0,2071717,-3.006197556906206,0,0,0,0,0,0,0,0,CRUTOM,7353098,MeLi Dedicado TD,4363967,EC-05,2026-05-17T23:59:59.000000
52638278,67,1114356,58760247,0,4,2,0,0,0,0,0,0,0,0.0,-17.330303780838438,-2.888383963473073,0.0,0.0,0.0,0.0,0.0,0.0,0.0,1470818,-12.515417098229694,0,0,0,0,0,0,0,0,VELALE,7353098,MeLi Dedicado TD,4363967,EC-05,2026-05-17T23:59:59.000000
52638298,67,1840811,95967491,0,3,11,0,0,0,0,0,0,0,0.0,-7.8683232553477795,-9.616839534313954,0.0,0.0,0.0,0.0,0.0,0.0,0.0,3011075,-15.687994802323217,0,0,0,0,0,0,0,0,GALRAY,7353098,MeLi Dedicado TD,4363967,EC-05,2026-05-17T23:59:59.000000
52644066,75,1958676,139080325,0,7,9,0,0,0,0,0,0,0,0.0,-17.254627105248648,-7.394840187963705,0.0,0.0,0.0,0.0,0.0,0.0,0.0,0,0.0,0,0,0,0,0,0,0,0,CRUJAV,5379379,Wm Backhaul,4363970,EC-08,2026-05-17T23:59:59.000000
52653121,99,2540837,134701366,0,0,1,0,0,0,0,0,0,0,0.0,0.0,-0.633391280117536,0.0,0.0,0.0,0.0,0.0,0.0,0.0,68039,-0.25255497408986927,0,0,0,0,0,0,0,0,IBAJOSX,4363972,MeLi Asignado,4363967,EC-05,2026-05-17T23:59:59.000000
52653128,66,143867,13188895,0,1,0,0,0,0,0,0,0,0,0.0,-33.55899546108559,0.0,0.0,0.0,0.0,0.0,0.0,0.0,0.0,0,0.0,0,0,0,0,0,0,0,0,ORTJES,7353098,MeLi Dedicado TD,4363967,EC-05,2026-05-17T23:59:59.000000
52653166,88,4360292,224728817,0,5,7,0,0,1,0,0,0,0,0.0,-5.53636316099931,-2.5836361417996776,0.0,0.0,-1.8454543869997697,0.0,0.0,0.0,0.0,752853,-1.67502550418356,0,0,0,0,0,0,0,0,HERJOS07,4363972,MeLi Asignado,4363967,EC-05,2026-05-17T23:59:59.000000
52653303,31,3406937,171403969,1,17,20,0,0,0,0,0,0,0,-23.61863456823534,-24.091007259600037,-9.447453827294133,0.0,0.0,0.0,0.0,0.0,0.0,0.0,4029931,-11.755652519341604,0,0,0,0,0,0,0,0,MENMI,4363972,MeLi Asignado,4363967,EC-05,2026-05-17T23:59:59.000000
52672918,41,4185527,198079590,0,42,21,0,0,0,0,0,0,0,0.0,-48.4472669749831,-8.074544495830516,0.0,0.0,0.0,0.0,0.0,0.0,0.0,918704,-2.3190274172114353,0,0,15,6,0,0,0,0,BENMAX,7353098,MeLi Dedicado TD,4363967,EC-05,2026-05-17T23:59:59.000000
52672922,26,728042,83827042,0,7,11,0,0,0,0,0,0,0,0.0,-46.42070649770206,-24.31560816546299,0.0,0.0,0.0,0.0,0.0,0.0,0.0,476845,-2.8442194107242864,3,0,3,6,0,0,0,0,SILAL,4433380,Liverpool Local,4363964,EC-01,2026-05-17T23:59:59.000000
52672975,97,4024402,217169756,0,2,0,0,0,0,0,0,0,0,0.0,-2.399378590906177,0.0,0.0,0.0,0.0,0.0,0.0,0.0,0.0,155111,-0.3571192482253376,0,0,0,0,0,0,0,0,TORVIC,7353098,MeLi Dedicado TD,4363967,EC-05,2026-05-17T23:59:59.000000
52673104,80,1669706,78545056,0,7,0,0,0,0,0,0,0,0,0.0,-20.240823234749108,0.0,0.0,0.0,0.0,0.0,0.0,0.0,0.0,32953,-0.20977131902484097,0,0,0,0,0,0,0,0,SARJO,7353098,MeLi Dedicado TD,4363967,EC-05,2026-05-17T23:59:59.000000
52673159,80,1653755,77163347,0,5,6,0,0,0,0,0,0,0,0.0,-14.597180356219635,-5.838872142487854,0.0,0.0,0.0,0.0,0.0,0.0,0.0,0,0.0,0,0,0,0,0,0,0,0,HERFRA,4363972,MeLi Asignado,4363967,EC-05,2026-05-17T23:59:59.000000
52673511,100,783266,44355550,0,0,0,0,0,0,0,0,0,0,0.0,0.0,0.0,0.0,0.0,0.0,0.0,0.0,0.0,0.0,0,0.0,0,0,0,0,0,0,0,0,ACOHER,7353098,MeLi Dedicado TD,4363967,EC-05,2026-05-17T23:59:59.000000
52673562,38,1788642,94302793,1,4,2,0,0,0,1,0,0,0,-44.98787348166933,-10.797089635600639,-1.7995149392667733,0.0,0.0,0.0,-4.498787348166934,0.0,0.0,0.0,0,0.0,0,0,0,0,0,0,0,0,ORTVIC,4363972,MeLi Asignado,4363967,EC-05,2026-05-17T23:59:59.000000
52673707,93,4208903,203424728,0,0,0,0,0,0,0,0,0,0,0.0,0.0,0.0,0.0,0.0,0.0,0.0,0.0,0.0,0.0,2695099,-6.624315112762496,1,0,0,0,0,0,0,0,ESTZAI,4363972,MeLi Asignado,4363967,EC-05,2026-05-17T23:59:59.000000
52673718,56,5132800,267223456,0,29,31,0,0,0,0,0,0,0,0.0,-27.27807980049874,-9.719775561097258,0.0,0.0,0.0,0.0,0.0,0.0,0.0,3991909,-7.469233913358265,0,0,0,0,0,0,0,0,GARJUL,7353098,MeLi Dedicado TD,4363967,EC-05,2026-05-17T23:59:59.000000
52673733,68,3215232,175968099,0,19,6,0,0,0,0,0,0,0,0.0,-28.53063418129702,-3.0032246506628444,0.0,0.0,0.0,0.0,0.0,0.0,0.0,323097,-0.9180556073405101,0,0,0,0,0,0,0,0,LEOJUA,7353098,MeLi Dedicado TD,4363967,EC-05,2026-05-17T23:59:59.000000
52673751,83,5181863,247340097,0,18,0,0,0,0,0,0,0,0,0.0,-16.770913472625576,0.0,0.0,0.0,0.0,0.0,0.0,0.0,0.0,40008,-0.08087649452163027,0,0,0,0,0,0,0,0,HERJOS08,4363972,MeLi Asignado,4363967,EC-05,2026-05-17T23:59:59.000000
52673758,77,2140752,121542814,0,5,5,0,0,0,1,0,1,0,0.0,-11.276486019865917,-3.7588286732886385,0.0,0.0,0.0,-3.7588286732886385,0.0,-3.7588286732886385,0.0,0,0.0,0,0,0,0,0,0,0,0,BARPED,4363972,MeLi Asignado,4363967,EC-05,2026-05-17T23:59:59.000000
52673763,100,676344,43538280,0,0,0,0,0,0,0,0,0,0,0.0,0.0,0.0,0.0,0.0,0.0,0.0,0.0,0.0,0.0,0,0.0,0,0,0,0,0,0,0,0,MACFRA,4363972,MeLi Asignado,4363967,EC-05,2026-05-17T23:59:59.000000
52673779,45,1489715,70808945,0,14,2,0,0,0,0,0,0,0,0.0,-45.37273773842646,-2.1606065589726895,0.0,0.0,0.0,0.0,0.0,0.0,0.0,1127130,-7.958952078723952,0,0,0,0,0,0,0,0,GARCES01,7353098,MeLi Dedicado TD,4363967,EC-05,2026-05-17T23:59:59.000000
52680503,81,5120574,242859169,1,3,0,0,0,0,0,0,0,0,-15.714488258542891,-2.8286078865377204,0.0,0.0,0.0,0.0,0.0,0.0,0.0,0.0,33022,-0.06798590338584251,0,0,0,0,0,0,0,0,RODALE,7353098,MeLi Dedicado TD,4363967,EC-05,2026-05-17T23:59:59.000000
52693998,65,5747236,300289892,0,36,11,0,0,0,0,0,1,0,0.0,-30.24221591039587,-3.0802256945773587,0.0,0.0,0.0,0.0,0.0,-1.400102588444254,0.0,0,0.0,0,0,1,0,0,0,0,0,RODDIE,7353098,MeLi Dedicado TD,4363967,EC-05,2026-05-17T23:59:59.000000
52694055,0,1191605,63711234,1,14,8,1,0,0,0,0,0,0,-67.52841755447484,-56.72387074575888,-10.804546808715976,-0.565049485621327,0.0,0.0,0.0,0.0,0.0,0.0,1234315,-9.686792442287338,22,0,14,8,0,1,0,0,NOGDAN,4433638,Circuitos,4363966,EC-03,2026-05-17T23:59:59.000000
52694064,100,1443390,85726135,0,0,0,0,0,0,0,0,0,0,0.0,0.0,0.0,0.0,0.0,0.0,0.0,0.0,0.0,0.0,0,0.0,0,0,0,0,0,0,0,0,LUGBAR,7353098,MeLi Dedicado TD,4363967,EC-05,2026-05-17T23:59:59.000000
52694071,94,4104439,211104190,0,2,0,0,0,0,0,0,0,0,0.0,-2.3525904514599927,0.0,0.0,0.0,0.0,0.0,0.0,0.0,0.0,1748683,-4.141753415694875,0,0,0,0,0,0,0,0,FLOGIB,4363972,MeLi Asignado,4363967,EC-05,2026-05-17T23:59:59.000000
52694076,57,2160441,121469978,0,17,2,0,0,1,0,0,0,0,0.0,-37.99064357693638,-1.4898291598798579,0.0,0.0,-3.724572899699645,0.0,0.0,0.0,0.0,0,0.0,0,0,1,0,0,0,0,0,RAMOSW,7353097,MeLi Dedicado SD,4363967,EC-05,2026-05-17T23:59:59.000000
52694080,72,1044577,87748833,0,6,0,0,0,0,0,0,0,0,0.0,-27.731983377003324,0.0,0.0,0.0,0.0,0.0,0.0,0.0,0.0,0,0.0,0,0,0,0,0,0,0,0,PERKEV,4713211,Walmart Sencillo ,4363970,EC-08,2026-05-17T23:59:59.000000
52694082,84,303336,33543815,0,1,0,0,0,0,0,0,0,0,0.0,-15.91644908616188,0.0,0.0,0.0,0.0,0.0,0.0,0.0,0.0,0,0.0,0,0,0,0,0,0,0,0,DELFRA,4713211,Walmart Sencillo ,4363970,EC-08,2026-05-17T23:59:59.000000
52694083,79,454175,48078802,0,2,0,0,0,0,0,0,0,0,0.0,-21.260668244619367,0.0,0.0,0.0,0.0,0.0,0.0,0.0,0.0,0,0.0,0,0,0,0,0,0,0,0,MENENR,4713211,Walmart Sencillo ,4363970,EC-08,2026-05-17T23:59:59.000000
52697028,85,1105734,140352807,0,0,0,0,0,0,1,0,1,0,0.0,0.0,0.0,0.0,0.0,0.0,-7.277265599140481,0.0,-7.277265599140481,0.0,0,0.0,0,0,0,0,0,0,0,0,ACODIE,4433387,Pilgrims Tepo,4363965,EC-02,2026-05-17T23:59:59.000000
52722396,73,3995120,213436991,0,17,0,1,2,0,0,0,0,0,0.0,-20.54419992390717,0.0,-0.16866804498757199,-0.33733608997514397,0.0,0.0,0.0,0.0,0.0,2656210,-6.222468719117202,0,0,0,0,0,0,0,0,ROMJOS,7353091,Sayer Full,4363965,EC-02,2026-05-17T23:59:59.000000
52725756,13,4822791,254026888,0,34,2,0,0,0,1,0,0,0,0.0,-34.036948314782876,-0.6673911434271151,0.0,0.0,0.0,-1.668477858567788,0.0,0.0,0.0,25764574,-50.71229703841429,135,0,18,1,1,0,0,0,HEREM,7353095,Sayer Vuelteros,4363965,EC-02,2026-05-17T23:59:59.000000
52725761,71,4256725,229911953,0,0,9,0,0,1,0,0,0,0,0.0,0.0,-3.402638413334195,0.0,0.0,-1.8903546740745525,0.0,0.0,0.0,0.0,11105542,-24.151728205275177,0,0,0,0,0,0,0,0,HERLEX,7353095,Sayer Vuelteros,4363965,EC-02,2026-05-17T23:59:59.000000
52725775,77,2149475,119575041,0,9,0,0,0,0,0,0,0,0,0.0,-20.21530280649926,0.0,0.0,0.0,0.0,0.0,0.0,0.0,0.0,680289,-2.844611192732102,0,0,0,0,0,0,0,0,VARRUB,7353091,Sayer Full,4363965,EC-02,2026-05-17T23:59:59.000000
52725780,0,4633569,230698949,8,8,1,0,0,0,0,0,0,0,-138.92910626776032,-8.335746376065622,-0.34732276566940085,0.0,0.0,0.0,0.0,0.0,0.0,0.0,4726362,-10.243570723852756,41,0,3,1,0,4,0,0,FABMA,7353091,Sayer Full,4363965,EC-02,2026-05-17T23:59:59.000000
52725790,32,4526705,218392959,0,54,9,18,0,0,0,0,0,0,0.0,-57.59459209292407,-3.199699560718006,-2.967128624325292,0.0,0.0,0.0,0.0,0.0,0.0,1677102,-3.839643017062652,0,0,3,3,0,0,0,0,ARBJO,4357030,Sayer Sencillo,4363965,EC-02,2026-05-17T23:59:59.000000
52802481,94,4001082,190153917,0,1,0,0,0,0,0,0,0,0,0.0,-1.2066815926291938,0.0,0.0,0.0,0.0,0.0,0.0,0.0,0.0,1664708,-4.377264550379996,1,0,0,0,0,0,0,0,HERAL04,4433638,Circuitos,4363966,EC-03,2026-05-17T23:59:59.000000
52819098,21,2177758,136243044,0,33,1,0,0,0,0,0,1,0,0.0,-73.1601289032115,-0.7389912010425401,0.0,0.0,0.0,0.0,0.0,-3.6949560052127004,0.0,338033,-1.2405514075272717,0,0,0,0,0,0,0,0,CASEDG,5199942,Walmart Full,4363970,EC-08,2026-05-17T23:59:59.000000
52819110,21,406163,24500841,0,5,5,0,0,0,0,0,0,0,0.0,-59.43466046882655,-19.81155348960885,0.0,0.0,0.0,0.0,0.0,0.0,0.0,0,0.0,0,0,1,0,0,0,0,0,ZUÑMAR,7353094,Sayer Thorton,4363965,EC-02,2026-05-17T23:59:59.000000
52837468,62,125871,18284963,0,1,0,0,0,0,0,0,0,0,0.0,-38.356984531782544,0.0,0.0,0.0,0.0,0.0,0.0,0.0,0.0,0,0.0,0,0,0,0,0,0,0,0,HERJES02,4713211,Walmart Sencillo ,4363970,EC-08,2026-05-17T23:59:59.000000
52849809,100,29181,13323631,0,0,0,0,0,0,0,0,0,0,0.0,0.0,0.0,0.0,0.0,0.0,0.0,0.0,0.0,0.0,0,0.0,0,0,0,0,0,0,0,0,CELJES,6862126,Patieros Crisa,5021095,EC-10,2026-05-17T23:59:59.000000
52849820,58,2211384,111686723,0,17,1,0,0,0,0,0,0,0,0.0,-37.11546434269218,-0.7277542027978858,0.0,0.0,0.0,0.0,0.0,0.0,0.0,854028,-3.8233192677700827,0,0,0,0,0,0,0,0,ZUGEDG,7353098,MeLi Dedicado TD,4363967,EC-05,2026-05-17T23:59:59.000000
52849836,20,2950658,189564189,0,46,1,0,0,0,1,0,0,0,0.0,-75.26777823793883,-0.5454186828836144,0.0,0.0,0.0,-2.7270934144180723,0.0,0.0,0.0,404958,-1.0681289597372212,5,0,16,0,0,0,0,0,MARJOS17,5199942,Walmart Full,4363970,EC-08,2026-05-17T23:59:59.000000
52849843,77,3856366,231531313,0,16,6,0,0,0,0,0,0,0,0.0,-20.03142647767354,-2.503928309709193,0.0,0.0,0.0,0.0,0.0,0.0,0.0,226897,-0.4899920383555204,0,0,0,0,0,0,0,0,GONRID,5379379,Wm Backhaul,4363970,EC-08,2026-05-17T23:59:59.000000
52863707,0,10290,3616803,0,0,2,0,0,0,0,0,0,0,0.0,0.0,-312.797667638484,0.0,0.0,0.0,0.0,0.0,0.0,0.0,0,0.0,0,0,0,0,0,0,0,0,CABANG,6862126,Patieros Crisa,5021095,EC-10,2026-05-17T23:59:59.000000
52864044,84,2479188,131059804,0,5,1,0,0,0,0,0,0,0,0.0,-9.737123606600226,-0.6491415737733484,0.0,0.0,0.0,0.0,0.0,0.0,0.0,1558564,-5.9460030933664445,0,0,0,0,0,0,0,0,VARVIC,4363972,MeLi Asignado,4363967,EC-05,2026-05-17T23:59:59.000000
52864401,88,3138394,156654380,0,0,0,0,0,0,0,0,0,0,0.0,0.0,0.0,0.0,0.0,0.0,0.0,0.0,0.0,0.0,3803180,-12.13876049938725,0,0,0,0,0,0,0,0,LEMMIG,7353091,Sayer Full,4363965,EC-02,2026-05-17T23:59:59.000000
52946407,92,5261145,271599220,0,0,0,0,0,0,0,0,0,0,0.0,0.0,0.0,0.0,0.0,0.0,0.0,0.0,0.0,0.0,4295902,-7.908531548801943,0,0,0,0,0,0,0,0,CASMA,4433382,Liverpool Full,4363964,EC-01,2026-05-17T23:59:59.000000
52953332,62,1630260,102430613,0,8,8,0,0,0,0,0,0,0,0.0,-23.69208347134813,-7.897361157116044,0.0,0.0,0.0,0.0,0.0,0.0,0.0,1269058,-6.194720322527017,0,0,0,0,0,0,0,0,TAVJOS,7353098,MeLi Dedicado TD,4363967,EC-05,2026-05-17T23:59:59.000000
52965378,65,453603,118566566,0,1,7,0,0,0,0,0,0,0,0.0,-10.643739128709466,-24.835391300322083,0.0,0.0,0.0,0.0,0.0,0.0,0.0,0,0.0,0,0,0,0,0,0,0,0,MEDRAF,6862126,Patieros Crisa,5021095,EC-10,2026-05-17T23:59:59.000000
52974122,0,4243582,209186754,6,0,23,0,2,0,1,0,0,0,-113.77256289615708,0.0,-8.72256315537204,0.0,-0.34419005325738744,0.0,-1.896209381602618,0.0,0.0,0.0,6672255,-15.948081970811593,43,0,0,6,1,2,0,0,RODAR,4433382,Liverpool Full,4363964,EC-01,2026-05-17T23:59:59.000000
52981223,19,222838,22835043,0,2,5,0,0,0,0,0,0,0,0.0,-43.33221443380393,-36.110178694836605,0.0,0.0,0.0,0.0,0.0,0.0,0.0,67020,-1.4674813618699996,0,0,0,0,0,0,0,0,HERRIG,4433380,Liverpool Local,4363964,EC-01,2026-05-17T23:59:59.000000
52986713,92,590265,75978109,0,0,3,0,0,0,0,0,0,0,0.0,0.0,-8.179431272394602,0.0,0.0,0.0,0.0,0.0,0.0,0.0,0,0.0,0,0,0,0,0,0,0,0,RAMJOS,4433387,Pilgrims Tepo,4363965,EC-02,2026-05-17T23:59:59.000000
52999006,88,2630597,129560860,0,0,20,0,0,0,0,0,0,0,0.0,0.0,-12.235579984315345,0.0,0.0,0.0,0.0,0.0,0.0,0.0,0,0.0,0,0,0,0,0,0,0,0,GRERI,4433638,Circuitos,4363966,EC-03,2026-05-17T23:59:59.000000
53019530,100,12453,2093967,0,0,0,0,0,0,0,0,0,0,0.0,0.0,0.0,0.0,0.0,0.0,0.0,0.0,0.0,0.0,0,0.0,0,0,0,0,0,0,0,0,REYLOR,4433638,Circuitos,4363966,EC-03,2026-05-17T23:59:59.000000
53071362,37,2991423,159619509,0,36,0,0,0,0,0,0,0,0,0.0,-58.10249904476902,0.0,0.0,0.0,0.0,0.0,0.0,0.0,0.0,1647973,-5.162191671695971,7,0,13,0,0,0,0,0,RIOFE,4433638,Circuitos,4363966,EC-03,2026-05-17T23:59:59.000000
53071686,56,3520574,167763028,0,26,18,0,0,0,0,0,0,0,0.0,-35.65578567585853,-8.228258232890429,0.0,0.0,0.0,0.0,0.0,0.0,0.0,116330,-0.34670928805600715,0,0,0,0,0,0,0,0,GARISM,5059916,Conductores,5021095,EC-10,2026-05-17T23:59:59.000000
53081472,0,76545,28092379,0,0,0,0,0,1,0,0,0,0,0.0,0.0,0.0,0.0,0.0,-105.12404467960023,0.0,0.0,0.0,0.0,0,0.0,0,0,0,0,0,0,0,0,CASDAV,4984761,Mabe,5021095,EC-10,2026-05-17T23:59:59.000000
53081478,100,2844014,181615581,0,0,0,0,0,0,0,0,0,0,0.0,0.0,0.0,0.0,0.0,0.0,0.0,0.0,0.0,0.0,0,0.0,0,0,0,0,0,0,0,0,TOVRAU,5138740,Mabe Bundy,5021095,EC-10,2026-05-17T23:59:59.000000
53081488,100,85673,35139369,0,0,0,0,0,0,0,0,0,0,0.0,0.0,0.0,0.0,0.0,0.0,0.0,0.0,0.0,0.0,0,0.0,0,0,0,0,0,0,0,0,LOPJSA,4984761,Mabe,5021095,EC-10,2026-05-17T23:59:59.000000
53085154,75,4636705,239254675,1,2,4,0,0,0,0,0,0,0,-17.354392828528017,-2.082527139423362,-1.3883514262822414,0.0,0.0,0.0,0.0,0.0,0.0,0.0,2059700,-4.304409098798174,1,0,0,0,0,0,0,0,GERSIL,7353098,MeLi Dedicado TD,4363967,EC-05,2026-05-17T23:59:59.000000
53085190,100,190951,35760868,0,0,0,0,0,0,0,0,0,0,0.0,0.0,0.0,0.0,0.0,0.0,0.0,0.0,0.0,0.0,0,0.0,0,0,0,0,0,0,0,0,LARJES,6862126,Patieros Crisa,5021095,EC-10,2026-05-17T23:59:59.000000
53087486,30,4146495,218397931,3,9,0,0,0,0,0,0,0,0,-58.21823009553852,-10.479281417196937,0.0,0.0,0.0,0.0,0.0,0.0,0.0,0.0,364775,-0.8351155121519901,0,0,0,0,0,0,0,0,MONCA,7353091,Sayer Full,4363965,EC-02,2026-05-17T23:59:59.000000
53087503,86,1163961,56111806,0,3,1,0,0,0,0,0,0,0,0.0,-12.443798374687812,-1.3826442638542011,0.0,0.0,0.0,0.0,0.0,0.0,0.0,0,0.0,0,0,0,0,0,0,0,0,CRUBE,4433638,Circuitos,4363966,EC-03,2026-05-17T23:59:59.000000
53087524,64,4063956,204092050,0,0,15,0,0,0,2,0,0,0,0.0,0.0,-5.940064311719909,0.0,0.0,0.0,-3.96004287447994,0.0,0.0,0.0,10506949,-25.740711115401115,38,0,0,6,0,0,0,0,GOMJOV,4433638,Circuitos,4363966,EC-03,2026-05-17T23:59:59.000000
53087541,0,2691523,143928669,2,15,23,0,0,0,4,0,0,1,-59.79306140055277,-26.906877630248736,-13.752404122127134,0.0,0.0,0.0,-11.958612280110556,0.0,0.0,-29.896530700276386,0,0.0,0,0,8,5,0,0,0,0,CRULE,4433638,Circuitos,4363966,EC-03,2026-05-17T23:59:59.000000
53087555,0,605146,44090283,0,11,12,1,0,0,0,0,0,0,0.0,-87.76122125900196,-31.913171366909804,-0.8165064397522692,0.0,0.0,0.0,0.0,0.0,0.0,573474,-6.503405750423512,3,0,3,7,0,0,0,0,MEDAND,4433380,Liverpool Local,4363964,EC-01,2026-05-17T23:59:59.000000
53097316,92,568207,64646682,0,1,0,0,0,0,0,0,0,0,0.0,-8.496959734744555,0.0,0.0,0.0,0.0,0.0,0.0,0.0,0.0,0,0.0,0,0,0,0,0,0,0,0,LOPJOS01,4433387,Pilgrims Tepo,4363965,EC-02,2026-05-17T23:59:59.000000
53097323,78,1857381,106061093,0,5,10,0,0,0,0,0,0,0,0.0,-12.996881092247634,-8.664587394831756,0.0,0.0,0.0,0.0,0.0,0.0,0.0,61069,-0.2878953925168393,0,0,0,0,0,0,0,0,AGUJON,4363972,MeLi Asignado,4363967,EC-05,2026-05-17T23:59:59.000000
53097341,69,156304,48013402,0,1,0,0,0,0,0,0,0,0,0.0,-30.888729655031224,0.0,0.0,0.0,0.0,0.0,0.0,0.0,0.0,0,0.0,0,0,0,0,0,0,0,0,VILJOS,4984761,Mabe,5021095,EC-10,2026-05-17T23:59:59.000000
53097345,79,4555550,223300393,0,16,6,0,0,0,0,0,0,0,0.0,-16.957011118306244,-2.1196263897882806,0.0,0.0,0.0,0.0,0.0,0.0,0.0,1001289,-2.2420224759747738,0,0,0,0,0,0,0,0,LAGSAM,7353098,MeLi Dedicado TD,4363967,EC-05,2026-05-17T23:59:59.000000
53097352,57,5710872,290332874,0,36,10,4,1,1,0,0,0,0,0.0,-30.434783339567087,-2.818035494404358,-0.49598241499858536,-0.12399560374964634,-1.4090177472021785,0.0,0.0,0.0,0.0,4339667,-7.47360596857523,0,0,0,0,0,0,0,0,JERBRA,7353098,MeLi Dedicado TD,4363967,EC-05,2026-05-17T23:59:59.000000
53133124,63,4429436,224495456,0,22,2,2,0,0,0,0,0,0,0.0,-23.979735569043086,-0.7266586536073667,-0.3207191864052696,0.0,0.0,0.0,0.0,0.0,0.0,5385434,-11.994527853606089,0,0,0,0,0,0,0,0,MENIG,4357030,Sayer Sencillo,4363965,EC-02,2026-05-17T23:59:59.000000
53136991,6,6241007,312613048,2,70,30,12,0,1,0,0,0,0,-25.786607834280588,-54.15187645198916,-7.735982350284178,-1.3819000926666378,0.0,-1.2893303917140295,0.0,0.0,0.0,0.0,2563077,-4.099440212745055,2,0,3,5,0,0,0,0,VEROD,4433382,Liverpool Full,4363964,EC-01,2026-05-17T23:59:59.000000
53184117,75,716993,56082835,0,0,4,0,0,1,0,0,0,0,0.0,0.0,-8.978296859244093,0.0,0.0,-11.222871074055117,0.0,0.0,0.0,0.0,555205,-4.9498656763696065,1,0,0,0,0,0,0,0,ISLHI,7353084,Patieros Sucursal,4363966,EC-03,2026-05-17T23:59:59.000000
53238911,17,1024324,104880695,0,9,14,0,0,1,1,0,0,0,0.0,-42.420452903573484,-21.995790394445507,0.0,0.0,-7.855639426587681,-7.855639426587681,0.0,0.0,0.0,596120,-2.841895736865588,1,0,0,1,0,0,0,0,PERARM,4433380,Liverpool Local,4363964,EC-01,2026-05-17T23:59:59.000000
53238923,0,3722764,184397470,4,6,25,0,0,0,0,0,0,0,-86.45963053258278,-7.781366747932451,-10.807453816572849,0.0,0.0,0.0,0.0,0.0,0.0,0.0,2818568,-7.6426428193402,20,0,2,10,0,1,0,0,RAMRIC,5059916,Conductores,5021095,EC-10,2026-05-17T23:59:59.000000
53238927,0,3199900,166587349,0,42,6,1,8,0,6,0,0,0,0.0,-63.36990030938471,-3.017614300446889,-0.21610284464038143,-1.7288227571230514,0.0,-15.088071502234447,0.0,0.0,0.0,9650449,-28.965131679957288,55,0,10,3,5,0,0,0,GALEDU01,4357030,Sayer Sencillo,4363965,EC-02,2026-05-17T23:59:59.000000
53253948,37,5695975,300647197,0,33,2,5,1,1,1,0,0,0,0.0,-27.971516026667967,-0.5650811318518779,-0.5987083924151803,-0.11974167848303605,-1.4127028296296946,-1.4127028296296946,0.0,0.0,0.0,18539844,-30.8332227690784,41,0,19,0,0,0,0,0,ACULUI,4357030,Sayer Sencillo,4363965,EC-02,2026-05-17T23:59:59.000000
53253968,85,751135,108655612,0,1,4,0,0,0,1,1,0,0,0.0,-6.427648824778502,-8.570198433038003,0.0,0.0,0.0,0.0,0.0,0.0,0.0,0,0.0,0,0,0,0,0,0,0,0,ISLBRA,4433387,Pilgrims Tepo,4363965,EC-02,2026-05-17T23:59:59.000000
53280719,72,1406372,83903563,0,3,15,0,0,0,0,0,0,0,0.0,-10.298908112505083,-17.16484685417514,0.0,0.0,0.0,0.0,0.0,0.0,0.0,103098,-0.6143839207400525,0,0,0,0,0,0,0,0,SANGAB,4433380,Liverpool Local,4363964,EC-01,2026-05-17T23:59:59.000000
53282278,49,5656906,276087637,0,41,10,0,1,0,0,0,0,0,0.0,-34.9925050902384,-2.8449191130275104,0.0,-0.13039337940365653,0.0,0.0,0.0,0.0,0.0,7314323,-13.246379083609598,0,0,0,0,0,0,0,0,ORODIE,7353098,MeLi Dedicado TD,4363967,EC-05,2026-05-17T23:59:59.000000
53303696,100,48013,22601737,0,0,0,0,0,0,0,0,0,0,0.0,0.0,0.0,0.0,0.0,0.0,0.0,0.0,0.0,0.0,0,0.0,0,0,0,0,0,0,0,0,HERAGU,4984761,Mabe,5021095,EC-10,2026-05-17T23:59:59.000000
53303700,100,61066,23398222,0,0,0,0,0,0,0,0,0,0,0.0,0.0,0.0,0.0,0.0,0.0,0.0,0.0,0.0,0.0,0,0.0,0,0,0,0,0,0,0,0,MELALV,4984761,Mabe,5021095,EC-10,2026-05-17T23:59:59.000000
53303705,52,2801350,184609817,0,18,30,0,0,0,0,0,0,0,0.0,-31.022391347029117,-17.234661859460612,0.0,0.0,0.0,0.0,0.0,0.0,0.0,0,0.0,0,0,0,0,0,0,0,0,GARMAR04,5138742,Mabe Componentes,5021095,EC-10,2026-05-17T23:59:59.000000
53327480,42,1444524,133249064,0,15,2,0,0,0,1,0,0,0,0.0,-50.134494130938634,-2.228199739152828,0.0,0.0,0.0,-5.570499347882071,0.0,0.0,0.0,0,0.0,0,0,1,0,0,0,0,0,PAJOSC,4433380,Liverpool Local,4363964,EC-01,2026-05-17T23:59:59.000000
53327505,40,2599728,136219836,0,17,26,0,0,0,0,0,0,0,0.0,-31.57120437214971,-16.095123797566515,0.0,0.0,0.0,0.0,0.0,0.0,0.0,3426670,-12.577720325547888,0,0,0,0,0,0,0,0,HERJES03,7353098,MeLi Dedicado TD,4363967,EC-05,2026-05-17T23:59:59.000000
53327512,100,3588472,191955173,0,0,0,0,0,0,0,0,0,0,0.0,0.0,0.0,0.0,0.0,0.0,0.0,0.0,0.0,0.0,0,0.0,0,0,0,0,0,0,0,0,DELERI,4363972,MeLi Asignado,4363967,EC-05,2026-05-17T23:59:59.000000
53329257,35,1862268,96675794,0,17,14,0,0,0,0,0,0,0,0.0,-44.07343303971288,-12.09858946188197,0.0,0.0,0.0,0.0,0.0,0.0,0.0,1781339,-9.21295252046236,24,0,17,12,0,0,0,0,FERRI,4433382,Liverpool Full,4363964,EC-01,2026-05-17T23:59:59.000000
53332144,79,459189,68028883,0,0,1,0,0,0,1,0,0,0,0.0,0.0,-3.5047529448658397,0.0,0.0,0.0,-17.523764724329197,0.0,0.0,0.0,0,0.0,0,0,0,1,0,0,0,0,ROSGIL,4433387,Pilgrims Tepo,4363965,EC-02,2026-05-17T23:59:59.000000
53332186,76,4156181,213126817,0,15,3,0,0,0,1,0,0,0,0.0,-17.424765668290192,-1.1616510445526795,0.0,0.0,0.0,-1.936085074254466,0.0,0.0,0.0,1449262,-3.3999991657549127,1,0,0,0,0,0,0,0,JORGEO,5059916,Conductores,5021095,EC-10,2026-05-17T23:59:59.000000
53424886,45,3838301,179119587,1,0,29,1,2,1,1,0,2,0,-20.964275600063672,0.0,-12.159279848036936,-0.20098304491959332,-0.40196608983918664,-2.0964275600063673,-2.0964275600063673,0.0,-4.192855120012735,0.0,4541555,-12.677438230136161,0,0,0,0,0,0,0,0,MOZPEDX,4433638,Circuitos,4363966,EC-03,2026-05-17T23:59:59.000000
53435364,92,819508,37814462,0,1,0,0,0,0,0,0,0,0,0.0,-5.891378729676831,0.0,0.0,0.0,0.0,0.0,0.0,0.0,0.0,154184,-2.038690911429601,0,0,0,0,0,0,0,0,GALGAB,5059916,Conductores,5021095,EC-10,2026-05-17T23:59:59.000000
53435372,27,1802064,96614961,0,21,18,1,0,0,0,0,0,0,0.0,-56.262525637269285,-16.075007324934074,-0.37261309871045745,0.0,0.0,0.0,0.0,0.0,0.0,133040,-0.6885062035061009,0,0,0,1,0,0,0,0,ARRALD,5138744,Mabe Loyalty,5021095,EC-10,2026-05-17T23:59:59.000000
53447346,51,2881954,161153824,0,27,5,0,1,0,0,0,0,0,0.0,-45.23211126895154,-2.7921056338858987,0.0,-0.22338905218904392,0.0,0.0,0.0,0.0,0.0,139858,-0.43392702862576815,0,0,1,0,0,0,0,0,VAZJES,5379379,Wm Backhaul,4363970,EC-08,2026-05-17T23:59:59.000000
53496031,0,3245654,172422295,3,7,28,0,0,0,0,0,0,0,-74.37687442962189,-10.412762420147063,-13.883683226862761,0.0,0.0,0.0,0.0,0.0,0.0,0.0,1026039,-2.9753663817083518,11,0,1,3,0,2,0,0,HUAIS,4433638,Circuitos,4363966,EC-03,2026-05-17T23:59:59.000000
53497587,71,1922256,99181871,0,8,0,0,0,0,0,0,0,0,0.0,-20.093190501161136,0.0,0.0,0.0,0.0,0.0,0.0,0.0,0.0,1679406,-8.466295216390908,2,0,0,0,0,0,0,0,CORJOR,7353098,MeLi Dedicado TD,4363967,EC-05,2026-05-17T23:59:59.000000
53497595,0,38191,2133066,0,2,2,0,0,0,1,0,0,0,0.0,-252.83611322039224,-84.27870440679742,0.0,0.0,0.0,-210.69676101699352,0.0,0.0,0.0,0,0.0,0,0,2,2,1,0,0,0,ALBENR,4357030,Sayer Sencillo,4363965,EC-02,2026-05-17T23:59:59.000000
53497612,16,4898789,210863479,0,56,31,14,3,1,0,0,0,0,0.0,-55.19114866959984,-10.18408100450948,-2.3901720790635346,-0.5121797312279003,-1.6425937104047552,0.0,0.0,0.0,0.0,6066207,-14.384204957559293,5,0,12,6,0,0,0,0,MEZFRA,5059916,Conductores,5021095,EC-10,2026-05-17T23:59:59.000000
53497621,79,3036523,159709311,0,0,0,0,0,0,1,0,0,0,0.0,0.0,0.0,0.0,0.0,0.0,-2.649978281080038,0.0,0.0,0.0,6003274,-18.794376991583164,0,0,0,0,0,0,0,0,JORCES,5059916,Conductores,5021095,EC-10,2026-05-17T23:59:59.000000
53665899,100,87452,25724748,0,0,0,0,0,0,0,0,0,0,0.0,0.0,0.0,0.0,0.0,0.0,0.0,0.0,0.0,0.0,0,0.0,0,0,0,0,0,0,0,0,OVAJUA,4984761,Mabe,5021095,EC-10,2026-05-17T23:59:59.000000
53665923,0,70027,26906417,0,0,0,0,0,1,0,0,0,0,0.0,0.0,0.0,0.0,0.0,-114.90882088337356,0.0,0.0,0.0,0.0,0,0.0,0,0,0,0,0,0,0,0,BARJUA01,4984761,Mabe,5021095,EC-10,2026-05-17T23:59:59.000000
53665930,43,1420877,75705028,0,14,8,0,0,0,0,0,0,0,0.0,-47.57093541524003,-9.061130555283812,0.0,0.0,0.0,0.0,0.0,0.0,0.0,63004,-0.416115030034729,0,0,0,0,0,0,0,0,ROSRAY,4363972,MeLi Asignado,4363967,EC-05,2026-05-17T23:59:59.000000
53665984,47,1892986,136304219,0,7,19,0,0,0,3,1,1,0,0.0,-17.85339352747458,-16.153070334381766,0.0,0.0,0.0,-8.501615965464087,0.0,-4.250807982732043,0.0,1703374,-6.248427277221698,0,0,0,0,0,0,0,0,CASJOS,4433380,Liverpool Local,4363964,EC-01,2026-05-17T23:59:59.000000
53669640,61,4864093,238738750,1,0,17,4,0,0,2,0,0,0,-16.543104747380447,0.0,-5.624655614109352,-0.6031697828693499,0.0,0.0,-3.3086209494760896,0.0,0.0,0.0,6220299,-13.027418045876509,0,0,0,0,0,0,0,0,PERANT,4433382,Liverpool Full,4363964,EC-01,2026-05-17T23:59:59.000000
53680643,82,1455942,93214269,0,2,5,0,0,0,1,0,0,0,0.0,-6.632176281747487,-5.526813568122906,0.0,0.0,0.0,-5.526813568122906,0.0,0.0,0.0,33990,-0.18232187177265746,0,0,0,0,0,0,0,0,MARJO08,5152024,Pasa,4363965,EC-02,2026-05-17T23:59:59.000000
53681843,57,3917338,203590843,1,9,28,0,0,0,0,0,0,0,-20.541296155705737,-11.092299924081097,-11.503125847195209,0.0,0.0,0.0,0.0,0.0,0.0,0.0,0,0.0,0,0,0,0,0,0,0,0,ESPIS,4433638,Circuitos,4363966,EC-03,2026-05-17T23:59:59.000000
53682031,28,2532864,134994087,2,4,0,0,0,0,0,0,0,0,-63.53850818677988,-7.624620982413584,0.0,0.0,0.0,0.0,0.0,0.0,0.0,0.0,317648,-1.1765256058956122,0,0,0,0,0,0,0,0,NARCA,4433638,Circuitos,4363966,EC-03,2026-05-17T23:59:59.000000
53682053,0,579584,25374374,2,2,6,0,0,0,0,0,0,0,-277.67226148409895,-16.660335689045937,-16.660335689045937,0.0,0.0,0.0,0.0,0.0,0.0,0.0,292621,-5.766073283226613,0,0,0,0,0,0,0,0,OLIMAR01,4433638,Circuitos,4363966,EC-03,2026-05-17T23:59:59.000000
53682061,0,3663704,177453660,5,30,4,0,0,0,1,0,0,0,-109.81673191939089,-39.53402349098071,-1.7570677107102541,0.0,0.0,0.0,-2.196334638387818,0.0,0.0,0.0,4845849,-13.65384348792806,49,0,19,4,0,0,0,0,CERJER,4433638,Circuitos,4363966,EC-03,2026-05-17T23:59:59.000000
53682169,91,1098260,57539067,0,2,0,0,0,0,0,0,0,0,0.0,-8.792147578897529,0.0,0.0,0.0,0.0,0.0,0.0,0.0,0.0,0,0.0,0,0,1,0,0,0,0,0,CUAJOR,4433638,Circuitos,4363966,EC-03,2026-05-17T23:59:59.000000
53682276,0,2911456,130291743,2,0,0,0,8,0,0,0,0,0,-55.27626040029457,0.0,0.0,0.0,-2.2104240327800357,0.0,0.0,0.0,0.0,0.0,22065646,-84.67783718266782,84,0,0,0,0,2,0,0,ZUÑDAV,4433638,Circuitos,4363966,EC-03,2026-05-17T23:59:59.000000
53682283,96,3562141,176762826,0,2,3,0,0,0,0,0,0,0,0.0,-2.710747272497074,-1.355373636248537,0.0,0.0,0.0,0.0,0.0,0.0,0.0,94966,-0.2686254857681445,0,0,0,0,0,0,0,0,AVIEN,4433638,Circuitos,4363966,EC-03,2026-05-17T23:59:59.000000
53682382,5,2046064,123951296,2,6,3,0,0,0,0,0,0,0,-78.65560412577514,-14.158008742639526,-2.3596681237732544,0.0,0.0,0.0,0.0,0.0,0.0,0.0,0,0.0,0,0,0,0,0,0,0,0,REBEF,4433638,Circuitos,4363966,EC-03,2026-05-17T23:59:59.000000
53682478,100,317890,39567142,0,0,0,0,0,0,0,0,0,0,0.0,0.0,0.0,0.0,0.0,0.0,0.0,0.0,0.0,0.0,0,0.0,0,0,0,0,0,0,0,0,BOROSC,4433387,Pilgrims Tepo,4363965,EC-02,2026-05-17T23:59:59.000000
53682501,54,104390,27264818,0,0,3,0,0,0,0,0,0,0,0.0,0.0,-46.24994731296101,0.0,0.0,0.0,0.0,0.0,0.0,0.0,0,0.0,0,0,0,2,0,0,0,0,IBAJES,6862126,Patieros Crisa,5021095,EC-10,2026-05-17T23:59:59.000000
53682536,86,2378668,111408053,0,7,0,0,0,0,0,0,0,0,0.0,-14.208045847507933,0.0,0.0,0.0,0.0,0.0,0.0,0.0,0.0,0,0.0,0,0,0,0,0,0,0,0,APODA,4433384,Pipas,4363965,EC-02,2026-05-17T23:59:59.000000
53682540,88,5207157,252134695,0,13,0,0,0,0,0,0,0,0,0.0,-12.053490225088279,0.0,0.0,0.0,0.0,0.0,0.0,0.0,0.0,0,0.0,0,0,0,0,0,0,0,0,LOPJU,4433384,Pipas,4363965,EC-02,2026-05-17T23:59:59.000000
53682731,91,863947,67710328,0,0,0,0,0,0,1,0,0,0,0.0,0.0,0.0,0.0,0.0,0.0,-9.313904672393097,0.0,0.0,0.0,0,0.0,0,0,0,0,0,0,0,0,OROEDU,4433387,Pilgrims Tepo,4363965,EC-02,2026-05-17T23:59:59.000000
53682736,87,613310,58815675,0,0,0,0,0,0,1,0,0,0,0.0,0.0,0.0,0.0,0.0,0.0,-13.12015131010419,0.0,0.0,0.0,0,0.0,0,0,0,0,0,0,0,0,SANJOR,4433387,Pilgrims Tepo,4363965,EC-02,2026-05-17T23:59:59.000000
53682739,91,1743808,168258915,0,0,5,0,0,0,1,0,0,0,0.0,0.0,-4.614452967299153,0.0,0.0,0.0,-4.614452967299153,0.0,0.0,0.0,0,0.0,0,0,0,0,0,0,0,0,MARMIG,4433387,Pilgrims Tepo,4363965,EC-02,2026-05-17T23:59:59.000000
53682743,100,299159,34800498,0,0,0,0,0,0,0,0,0,0,0.0,0.0,0.0,0.0,0.0,0.0,0.0,0.0,0.0,0.0,0,0.0,0,0,0,0,0,0,0,0,CARJOS02,4433387,Pilgrims Tepo,4363965,EC-02,2026-05-17T23:59:59.000000
53682942,90,1293403,122340396,0,0,3,0,0,1,0,0,0,0,0.0,0.0,-3.7328133613421346,0.0,0.0,-6.2213556022368905,0.0,0.0,0.0,0.0,0,0.0,0,0,0,0,0,0,0,0,MORBR,4433380,Liverpool Local,4363964,EC-01,2026-05-17T23:59:59.000000
53682943,90,2376844,231135068,0,3,0,0,0,0,0,0,1,0,0.0,-6.093835354781383,0.0,0.0,0.0,0.0,0.0,0.0,-3.385464085989657,0.0,121124,-0.2620199544969091,0,0,2,0,0,0,0,0,MORLU01,4433380,Liverpool Local,4363964,EC-01,2026-05-17T23:59:59.000000
53682961,0,1630031,149776052,5,3,0,0,0,0,0,0,0,0,-246.8272075807147,-8.88577947290573,0.0,0.0,0.0,0.0,0.0,0.0,0.0,0.0,1146437,-3.8271705813156296,19,0,3,0,0,3,0,0,OROMAR,4433380,Liverpool Local,4363964,EC-01,2026-05-17T23:59:59.000000
53682962,0,1760586,165748548,0,24,22,0,0,0,5,0,0,0,0.0,-65.81488663433652,-20.1101042493806,0.0,0.0,0.0,-22.85239119247796,0.0,0.0,0.0,723753,-2.183286094307143,0,0,0,0,0,0,0,0,INCDAN,4433380,Liverpool Local,4363964,EC-01,2026-05-17T23:59:59.000000
53682967,92,1984411,211487705,0,3,0,0,0,0,0,0,0,0,0.0,-7.298939584592104,0.0,0.0,0.0,0.0,0.0,0.0,0.0,0.0,97013,-0.22935848682078233,0,0,0,0,0,0,0,0,SANJOS,4433380,Liverpool Local,4363964,EC-01,2026-05-17T23:59:59.000000
53683118,46,920724,94484911,0,10,1,0,0,0,0,0,0,0,0.0,-52.43734278676347,-1.7479114262254487,0.0,0.0,0.0,0.0,0.0,0.0,0.0,0,0.0,0,0,2,0,0,0,0,0,PANJU,4433380,Liverpool Local,4363964,EC-01,2026-05-17T23:59:59.000000
53683119,0,1460460,136174980,0,33,2,0,0,0,1,0,0,0,0.0,-109.09237911343011,-2.20388644673596,0.0,0.0,0.0,-5.5097161168399,0.0,0.0,0.0,0,0.0,0,0,22,2,1,0,0,0,ROBJUA01,4433380,Liverpool Local,4363964,EC-01,2026-05-17T23:59:59.000000
53683121,91,643246,46072544,0,0,2,0,0,0,0,0,0,0,0.0,0.0,-5.003821244127441,0.0,0.0,0.0,0.0,0.0,0.0,0.0,392692,-4.261670464734919,3,0,0,1,0,0,0,0,OVAQUI,4433380,Liverpool Local,4363964,EC-01,2026-05-17T23:59:59.000000
53683129,25,1962150,164059387,0,11,15,0,0,0,1,0,0,0,0.0,-27.066407766990302,-12.302912621359223,0.0,0.0,0.0,-4.100970873786409,0.0,0.0,0.0,10197013,-31.0772007212242,54,0,4,5,1,0,0,0,SEGMAU,4433380,Liverpool Local,4363964,EC-01,2026-05-17T23:59:59.000000
53683135,49,1412277,150600000,0,4,12,0,0,0,4,0,0,0,0.0,-13.674461879645424,-13.674461879645422,0.0,0.0,0.0,-22.79076979940904,0.0,0.0,0.0,362303,-1.2028652058432936,0,0,0,0,1,0,0,0,SANLUI01,4433380,Liverpool Local,4363964,EC-01,2026-05-17T23:59:59.000000
53683138,82,966668,113176928,0,0,10,0,0,0,0,0,0,0,0.0,0.0,-16.648363243636908,0.0,0.0,0.0,0.0,0.0,0.0,0.0,396212,-1.750409765495667,0,0,0,0,0,0,0,0,SANJUL,4433380,Liverpool Local,4363964,EC-01,2026-05-17T23:59:59.000000
53683144,92,23186,3784768,0,0,0,0,0,0,0,0,0,0,0.0,0.0,0.0,0.0,0.0,0.0,0.0,0.0,0.0,0.0,57131,-7.547490361364289,0,0,0,0,0,0,0,0,GARDAN,4433380,Liverpool Local,4363964,EC-01,2026-05-17T23:59:59.000000
53683153,0,1091378,104709922,1,16,9,0,0,0,4,0,0,0,-73.72990842769416,-70.78071209058638,-13.271383516984947,0.0,0.0,0.0,-29.491963371077663,0.0,0.0,0.0,38907,-0.1857846861923935,1,0,13,9,4,1,0,0,CABCAR,4433380,Liverpool Local,4363964,EC-01,2026-05-17T23:59:59.000000
53683156,0,1980363,182213055,0,39,0,0,0,0,2,0,0,0,0.0,-95.08016863575004,0.0,0.0,0.0,0.0,-8.126510139807701,0.0,0.0,0.0,145986,-0.4005914943910029,0,0,18,0,0,0,0,0,LOPJAV,4433380,Liverpool Local,4363964,EC-01,2026-05-17T23:59:59.000000
53683178,0,1235653,95392904,3,8,31,0,0,0,2,0,1,0,-195.36358508416197,-31.258173613465917,-40.3751409173935,0.0,0.0,0.0,-13.0242390056108,0.0,-6.5121195028054,0.0,2059323,-10.793900351330114,10,0,3,12,1,3,0,1,RIVCAR,4433380,Liverpool Local,4363964,EC-01,2026-05-17T23:59:59.000000
53683182,21,1741751,122864364,0,22,16,0,0,0,0,0,0,0,0.0,-60.98271452119159,-14.783688368773717,0.0,0.0,0.0,0.0,0.0,0.0,0.0,835553,-3.4003065364013936,0,0,0,0,0,0,0,0,VAZEDG,4433380,Liverpool Local,4363964,EC-01,2026-05-17T23:59:59.000000
53683183,80,1982787,198452338,0,4,12,0,0,0,0,0,0,0,0.0,-9.739890366438756,-9.739890366438757,0.0,0.0,0.0,0.0,0.0,0.0,0.0,32019,-0.08067176311120104,0,0,0,0,0,0,0,0,HERJOS23,4433380,Liverpool Local,4363964,EC-01,2026-05-17T23:59:59.000000
53683361,88,1840011,178965881,0,2,8,0,0,0,0,0,0,0,0.0,-5.247829496671487,-6.9971059955619825,0.0,0.0,0.0,0.0,0.0,0.0,0.0,0,0.0,0,0,0,0,0,0,0,0,JUARAU,4433380,Liverpool Local,4363964,EC-01,2026-05-17T23:59:59.000000
53683374,28,134151,10809026,0,0,6,0,0,0,0,0,0,0,0.0,0.0,-71.97906836326229,0.0,0.0,0.0,0.0,0.0,0.0,0.0,0,0.0,0,0,0,0,0,0,0,0,VERPAN,4433380,Liverpool Local,4363964,EC-01,2026-05-17T23:59:59.000000
53683429,95,2031860,181625210,0,0,6,0,0,0,0,0,0,0,0.0,0.0,-4.752327424133553,0.0,0.0,0.0,0.0,0.0,0.0,0.0,231185,-0.6364342262838953,0,0,0,0,0,0,0,0,SALMI,4433380,Liverpool Local,4363964,EC-01,2026-05-17T23:59:59.000000
53684727,100,168105,22053047,0,0,0,0,0,0,0,0,0,0,0.0,0.0,0.0,0.0,0.0,0.0,0.0,0.0,0.0,0.0,0,0.0,0,0,0,0,0,0,0,0,MAYJUA,4433387,Pilgrims Tepo,4363965,EC-02,2026-05-17T23:59:59.000000
53684757,56,1179330,111945472,0,9,5,0,0,0,0,0,0,0,0.0,-36.844893286866274,-6.823128386456718,0.0,0.0,0.0,0.0,0.0,0.0,0.0,0,0.0,0,0,0,0,0,0,0,0,,,,,,2026-05-17T23:59:59.000000
53684764,85,1059801,96458025,0,0,0,0,0,0,2,0,0,0,0.0,0.0,0.0,0.0,0.0,0.0,-15.185341398998492,0.0,0.0,0.0,33008,-0.1711003309470622,0,0,0,0,0,0,0,0,TELMAR,4433380,Liverpool Local,4363964,EC-01,2026-05-17T23:59:59.000000
53685627,100,105674,39452704,0,0,0,0,0,0,0,0,0,0,0.0,0.0,0.0,0.0,0.0,0.0,0.0,0.0,0.0,0.0,0,0.0,0,0,0,0,0,0,0,0,RAMERI,4984761,Mabe,5021095,EC-10,2026-05-17T23:59:59.000000
53685694,100,62056,5655942,0,0,0,0,0,0,0,0,0,0,0.0,0.0,0.0,0.0,0.0,0.0,0.0,0.0,0.0,0.0,0,0.0,0,0,0,0,0,0,0,0,ROBJOR,4363972,MeLi Asignado,4363967,EC-05,2026-05-17T23:59:59.000000
53685708,0,2007717,104119186,5,0,13,6,4,0,0,0,1,0,-200.3947767538951,0.0,-10.420528391202547,-2.0745456077614746,-1.3830304051743163,0.0,0.0,0.0,-4.0078955350779015,0.0,4397173,-21.116055402123486,2,0,0,0,0,3,0,1,OLVJUA,4433638,Circuitos,4363966,EC-03,2026-05-17T23:59:59.000000
53685717,54,3141695,170536328,0,27,4,0,0,0,0,0,0,0,0.0,-41.492526804798075,-2.049013669372743,0.0,0.0,0.0,0.0,0.0,0.0,0.0,722077,-2.117076779089555,0,0,0,0,0,0,0,0,RESMIG,7353098,MeLi Dedicado TD,4363967,EC-05,2026-05-17T23:59:59.000000
53685722,82,4975193,230084494,0,8,2,0,0,4,0,0,0,0,0.0,-7.763368375859991,-0.6469473646549994,0.0,0.0,-6.469473646549993,0.0,0.0,0.0,0.0,1519902,-3.3029214041690267,0,0,0,0,0,0,0,0,LEOJAV,7353098,MeLi Dedicado TD,4363967,EC-05,2026-05-17T23:59:59.000000
53685734,95,2947193,155856864,0,3,0,0,0,0,0,0,0,0,0.0,-4.914539359994408,0.0,0.0,0.0,0.0,0.0,0.0,0.0,0.0,0,0.0,0,0,0,0,0,0,0,0,REYRUB,4363972,MeLi Asignado,4363967,EC-05,2026-05-17T23:59:59.000000
53685760,98,4414158,398304728,0,0,4,0,0,0,0,0,0,0,0.0,0.0,-1.4583474356830908,0.0,0.0,0.0,0.0,0.0,0.0,0.0,358016,-0.44942474295710594,0,0,0,0,0,0,0,0,GARMAR05,5138742,Mabe Componentes,5021095,EC-10,2026-05-17T23:59:59.000000
53685775,61,2377469,250118490,0,9,0,0,0,4,1,0,1,0,0.0,-18.276700137835658,0.0,0.0,0.0,-13.538296398396785,-3.384574099599196,0.0,-3.384574099599196,0.0,0,0.0,0,0,0,0,0,0,0,0,JORJON,4433387,Pilgrims Tepo,4363965,EC-02,2026-05-17T23:59:59.000000
53685793,94,1924449,223372444,0,1,4,0,0,0,0,0,0,0,0.0,-2.5087866708860567,-3.345048894514742,0.0,0.0,0.0,0.0,0.0,0.0,0.0,0,0.0,0,0,0,0,0,0,0,0,CHAJUA01,4433387,Pilgrims Tepo,4363965,EC-02,2026-05-17T23:59:59.000000
53685795,95,911081,114612767,0,1,0,0,0,0,0,0,0,0,0.0,-5.299234645437672,0.0,0.0,0.0,0.0,0.0,0.0,0.0,0.0,0,0.0,0,0,0,0,0,0,0,0,PATRAM,4433387,Pilgrims Tepo,4363965,EC-02,2026-05-17T23:59:59.000000
53685806,83,679361,81227880,0,1,4,0,0,0,0,0,0,0,0.0,-7.106725290383169,-9.475633720510892,0.0,0.0,0.0,0.0,0.0,0.0,0.0,0,0.0,0,0,0,0,0,0,0,0,SANCAR01,4433387,Pilgrims Tepo,4363965,EC-02,2026-05-17T23:59:59.000000
53685810,100,1980406,257928655,0,0,0,0,0,0,0,0,0,0,0.0,0.0,0.0,0.0,0.0,0.0,0.0,0.0,0.0,0.0,0,0.0,0,0,0,0,0,0,0,0,SANDAN,4433387,Pilgrims Tepo,4363965,EC-02,2026-05-17T23:59:59.000000
53685820,24,1759336,145082338,0,15,28,0,0,1,1,0,0,0,0.0,-41.16352987718094,-25.612863034690342,0.0,0.0,-4.573725541908993,-4.573725541908993,0.0,0.0,0.0,30011,-0.10342747578275173,0,1,4,8,1,0,0,0,REYVI01,7353084,Patieros Sucursal,4363966,EC-03,2026-05-17T23:59:59.000000
53685827,100,0,0,0,0,0,0,0,0,0,0,0,0,0.0,0.0,0.0,0.0,0.0,0.0,0.0,0.0,0.0,0.0,0,0.0,0,0,0,0,0,0,0,0,TAMDAV,7353092,Sayer Patios y T.,4363965,EC-02,2026-05-17T23:59:59.000000
53685836,20,4995021,245190704,2,28,29,0,0,0,1,0,0,0,-32.218963643996695,-27.063929460957205,-9.343499456759044,0.0,0.0,0.0,-1.6109481821998348,0.0,0.0,0.0,4710435,-9.605655767438884,14,0,8,10,0,0,0,0,SOSCA01,4357030,Sayer Sencillo,4363965,EC-02,2026-05-17T23:59:59.000000
53685838,0,4079585,229946352,4,13,30,2,0,0,2,0,0,0,-78.89743687164258,-15.385000189970299,-11.83461553074638,-0.31311651336830076,0.0,0.0,-3.9448718435821286,0.0,0.0,0.0,11397157,-24.782208764938353,77,0,3,10,1,0,0,0,OLVOSX,7353095,Sayer Vuelteros,4363965,EC-02,2026-05-17T23:59:59.000000
53685841,0,5104212,257713533,7,7,34,0,0,0,0,0,0,0,-110.35403701883857,-6.621242221130314,-10.720106453258603,0.0,0.0,0.0,0.0,0.0,0.0,0.0,1139734,-2.211242046027905,5,0,4,15,0,1,0,0,ZAPNO,7353091,Sayer Full,4363965,EC-02,2026-05-17T23:59:59.000000
53685842,26,4029700,225287463,1,43,5,2,0,0,0,0,0,0,-19.96853363773978,-51.518816785368664,-1.9968533637739783,-0.31959168540150856,0.0,0.0,0.0,0.0,0.0,0.0,214083,-0.47513296379035524,2,0,13,3,0,1,0,0,DURMA01,7353091,Sayer Full,4363965,EC-02,2026-05-17T23:59:59.000000
53685932,92,4086574,219919112,0,2,11,0,0,0,0,0,0,0,0.0,-2.362875112502551,-4.331937706254678,0.0,0.0,0.0,0.0,0.0,0.0,0.0,491405,-1.1172403242515818,0,0,0,0,0,0,0,0,JUAPOR,4433638,Circuitos,4363966,EC-03,2026-05-17T23:59:59.000000
53719948,82,4552217,237974608,0,11,12,0,0,0,0,0,0,0,0.0,-11.6664807499291,-4.242356636337854,0.0,0.0,0.0,0.0,0.0,0.0,0.0,1102083,-2.3155474637865567,0,0,0,0,0,0,0,0,MARULI,4357030,Sayer Sencillo,4363965,EC-02,2026-05-17T23:59:59.000000
53719988,48,1477039,122409463,0,8,12,0,0,0,1,0,0,0,0.0,-26.149787514073758,-13.074893757036882,0.0,0.0,0.0,-5.447872398765368,0.0,0.0,0.0,1781244,-7.275761025109636,0,0,1,0,0,0,0,0,PALPED,4433380,Liverpool Local,4363964,EC-01,2026-05-17T23:59:59.000000
53719997,82,4703811,282792848,0,18,0,0,0,0,0,0,0,0,0.0,-18.475354558250746,0.0,0.0,0.0,0.0,0.0,0.0,0.0,0.0,0,0.0,0,0,0,0,0,0,0,0,CRUIRV,4357030,Sayer Sencillo,4363965,EC-02,2026-05-17T23:59:59.000000
53929339,0,787048,79456966,0,10,19,0,0,0,0,0,0,0,0.0,-61.34355210863887,-38.85091633547129,0.0,0.0,0.0,0.0,0.0,0.0,0.0,266883,-1.6794185169365767,2,0,3,0,0,0,0,0,VACGUI,4433380,Liverpool Local,4363964,EC-01,2026-05-17T23:59:59.000000
53929344,92,627939,66535228,0,1,0,0,0,0,0,0,0,0,0.0,-7.688695876510298,0.0,0.0,0.0,0.0,0.0,0.0,0.0,0.0,0,0.0,0,0,0,0,0,0,0,0,CHAJOS,4433380,Liverpool Local,4363964,EC-01,2026-05-17T23:59:59.000000
53929454,94,2378636,126424008,0,3,0,0,0,0,0,0,0,0,0.0,-6.089244424115334,0.0,0.0,0.0,0.0,0.0,0.0,0.0,0.0,38002,-0.1502958203951262,0,0,0,0,0,0,0,0,SANVIC02,4363972,MeLi Asignado,4363967,EC-05,2026-05-17T23:59:59.000000
53929471,99,1415347,196885986,0,0,1,0,0,0,0,0,0,0,0.0,0.0,-1.137066740523702,0.0,0.0,0.0,0.0,0.0,0.0,0.0,0,0.0,0,0,0,0,0,0,0,0,OLVLUI,4433387,Pilgrims Tepo,4363965,EC-02,2026-05-17T23:59:59.000000
53929482,77,619684,59126357,0,3,0,0,0,0,0,0,0,0,0.0,-23.3733580340948,0.0,0.0,0.0,0.0,0.0,0.0,0.0,0.0,0,0.0,0,0,0,0,0,0,0,0,DELHER,4713211,Walmart Sencillo ,4363970,EC-08,2026-05-17T23:59:59.000000
53929484,89,1526869,189293499,0,3,1,0,0,0,0,0,0,0,0.0,-9.486141902154017,-1.0540157669060017,0.0,0.0,0.0,0.0,0.0,0.0,0.0,0,0.0,0,0,0,0,0,0,0,0,LOPJUL,4433387,Pilgrims Tepo,4363965,EC-02,2026-05-17T23:59:59.000000
54001521,36,2144737,140380166,0,28,0,0,0,0,0,0,0,0,0.0,-63.03098981366948,0.0,0.0,0.0,0.0,0.0,0.0,0.0,0.0,207988,-0.7408026572642749,2,0,5,0,0,0,0,0,RIVJOS01,7353094,Sayer Thorton,4363965,EC-02,2026-05-17T23:59:59.000000
54001534,68,4267126,249306002,0,26,7,0,0,0,0,0,0,0,0.0,-29.41765300579361,-2.64004578257122,0.0,0.0,0.0,0.0,0.0,0.0,0.0,0,0.0,0,0,0,0,0,0,0,0,JERJHO,5199942,Walmart Full,4363970,EC-08,2026-05-17T23:59:59.000000
54055089,57,1441671,143928269,0,6,20,0,0,0,0,0,0,0,0.0,-20.093483187218165,-22.326092430242404,0.0,0.0,0.0,0.0,0.0,0.0,0.0,96987,-0.3369282513916707,0,0,0,0,0,0,0,0,MEZLEO,4433380,Liverpool Local,4363964,EC-01,2026-05-17T23:59:59.000000
54055096,99,2682360,153641991,0,0,1,0,0,0,0,0,0,0,0.0,0.0,-0.5999731579653738,0.0,0.0,0.0,0.0,0.0,0.0,0.0,237205,-0.7719406604148993,0,0,0,0,0,0,0,0,MEDHEC,4363972,MeLi Asignado,4363967,EC-05,2026-05-17T23:59:59.000000
54134422,100,2524533,154514923,0,0,0,0,0,0,0,0,0,0,0.0,0.0,0.0,0.0,0.0,0.0,0.0,0.0,0.0,0.0,40027,-0.12952470616705417,0,0,0,0,0,0,0,0,GONCAR02,5138742,Mabe Componentes,5021095,EC-10,2026-05-17T23:59:59.000000
54134424,0,2855305,168169526,0,42,11,1,0,0,2,0,1,0,0.0,-71.01775256934019,-6.199962525894783,-0.21406970011915238,0.0,0.0,-5.636329568995256,0.0,-2.818164784497628,0.0,16976503,-50.4743736983596,152,0,20,0,1,0,0,0,VAZISA01,7353095,Sayer Vuelteros,4363965,EC-02,2026-05-17T23:59:59.000000
54151757,98,922886,95574064,0,0,1,0,0,0,0,0,0,0,0.0,0.0,-1.7438166794165262,0.0,0.0,0.0,0.0,0.0,0.0,0.0,0,0.0,0,0,0,0,0,0,0,0,GARGEL,4433387,Pilgrims Tepo,4363965,EC-02,2026-05-17T23:59:59.000000
54151791,100,2914498,166789711,0,0,0,0,0,0,0,0,0,0,0.0,0.0,0.0,0.0,0.0,0.0,0.0,0.0,0.0,0.0,0,0.0,0,0,0,0,0,0,0,0,VELVEN,7353098,MeLi Dedicado TD,4363967,EC-05,2026-05-17T23:59:59.000000
54151923,99,1215111,120885564,0,0,1,0,0,0,0,0,0,0,0.0,0.0,-1.3244419645612622,0.0,0.0,0.0,0.0,0.0,0.0,0.0,0,0.0,0,0,0,0,0,0,0,0,ARCEDU,4433380,Liverpool Local,4363964,EC-01,2026-05-17T23:59:59.000000
54151993,96,1150012,69185725,0,1,0,0,0,0,0,0,0,0,0.0,-4.198244887879431,0.0,0.0,0.0,0.0,0.0,0.0,0.0,0.0,0,0.0,0,0,0,0,0,0,0,0,HERCAR,7353098,MeLi Dedicado TD,4363967,EC-05,2026-05-17T23:59:59.000000
54152014,100,4711697,264315945,0,0,0,0,0,0,0,0,0,0,0.0,0.0,0.0,0.0,0.0,0.0,0.0,0.0,0.0,0.0,0,0.0,0,0,0,0,0,0,0,0,LOPPAB,7353098,MeLi Dedicado TD,4363967,EC-05,2026-05-17T23:59:59.000000
54192111,74,1185376,61868669,0,2,13,0,0,0,0,0,0,0,0.0,-8.145992495208272,-17.649650406284586,0.0,0.0,0.0,0.0,0.0,0.0,0.0,0,0.0,0,0,0,0,0,0,0,0,OCAMA,4433638,Circuitos,4363966,EC-03,2026-05-17T23:59:59.000000
54192173,97,528017,52979884,0,0,1,0,0,0,0,0,0,0,0.0,0.0,-3.047901866795956,0.0,0.0,0.0,0.0,0.0,0.0,0.0,0,0.0,0,0,0,0,0,0,0,0,DELJOS,4433387,Pilgrims Tepo,4363965,EC-02,2026-05-17T23:59:59.000000
54192280,51,889519,76358900,0,2,11,0,0,1,1,0,0,0,0.0,-10.855376894703767,-19.901524306956905,0.0,0.0,-9.04614741225314,-9.04614741225314,0.0,0.0,0.0,0,0.0,0,0,0,0,0,0,0,0,GONDAN01,4433380,Liverpool Local,4363964,EC-01,2026-05-17T23:59:59.000000
54192282,0,1231670,111000178,2,29,22,0,0,0,0,0,0,0,-130.66357059926767,-113.67730642136281,-28.745985531838876,0.0,0.0,0.0,0.0,0.0,0.0,0.0,39769,-0.17913935237112863,0,0,8,6,0,2,0,0,VELJU,4433380,Liverpool Local,4363964,EC-01,2026-05-17T23:59:59.000000
54192304,97,3262099,175698104,0,2,0,0,0,0,0,0,0,0,0.0,-2.9600769320612286,0.0,0.0,0.0,0.0,0.0,0.0,0.0,0.0,0,0.0,0,0,0,0,0,0,0,0,ROCSER,4363972,MeLi Asignado,4363967,EC-05,2026-05-17T23:59:59.000000
54192340,50,2141867,143528273,0,12,6,0,0,1,1,0,0,0,0.0,-27.049477862070805,-4.508246310345133,0.0,0.0,-3.7568719252876113,-3.7568719252876113,0.0,0.0,0.0,2995917,-10.436678911338952,5,1,2,0,0,0,0,0,AGUEDW,7353084,Patieros Sucursal,4363966,EC-03,2026-05-17T23:59:59.000000
54192345,100,53623,26131750,0,0,0,0,0,0,0,0,0,0,0.0,0.0,0.0,0.0,0.0,0.0,0.0,0.0,0.0,0.0,0,0.0,0,0,0,0,0,0,0,0,ARCARM,6862126,Patieros Crisa,5021095,EC-10,2026-05-17T23:59:59.000000
54192354,70,2687643,147360769,0,15,0,0,0,1,0,0,0,0,0.0,-26.945721585790967,0.0,0.0,0.0,-2.993969065087886,0.0,0.0,0.0,0.0,0,0.0,0,0,0,0,0,0,0,0,CRUDAN01,4363972,MeLi Asignado,4363967,EC-05,2026-05-17T23:59:59.000000
54192367,69,4958773,285784140,0,32,0,0,0,0,0,0,0,0,0.0,-31.156300963968306,0.0,0.0,0.0,0.0,0.0,0.0,0.0,0.0,0,0.0,0,0,0,0,0,0,0,0,GARDAN01,7353098,MeLi Dedicado TD,4363967,EC-05,2026-05-17T23:59:59.000000
54192375,61,4085747,196520682,1,7,16,0,0,2,0,0,0,0,-19.694611536152387,-8.271736845184002,-6.302275691568766,0.0,0.0,-3.9389223072304773,0.0,0.0,0.0,0.0,297926,-0.7580016438168071,0,0,0,0,0,0,0,0,LOPALE,7353098,MeLi Dedicado TD,4363967,EC-05,2026-05-17T23:59:59.000000
54192377,96,1356062,87525047,0,1,0,0,0,0,0,0,0,0,0.0,-3.5603327871439507,0.0,0.0,0.0,0.0,0.0,0.0,0.0,0.0,0,0.0,0,0,0,0,0,0,0,0,MALOSC,4363972,MeLi Asignado,4363967,EC-05,2026-05-17T23:59:59.000000
54294976,27,3690737,233353482,1,34,9,0,0,1,0,0,0,0,-21.80247468188603,-44.47704835104748,-3.9244454427394855,0.0,0.0,-2.1802474681886026,0.0,0.0,0.0,0.0,167966,-0.3598960653177654,0,0,1,0,0,0,0,0,GONABE,5379379,Wm Backhaul,4363970,EC-08,2026-05-17T23:59:59.000000
54294990,42,3298087,160084176,0,37,8,0,0,0,0,0,0,0,0.0,-54.16387863631247,-3.9037029647792805,0.0,0.0,0.0,0.0,0.0,0.0,0.0,130804,-0.4085475631270389,0,0,0,0,0,0,0,0,RAMROD,7353098,MeLi Dedicado TD,4363967,EC-05,2026-05-17T23:59:59.000000
54433101,93,2362736,147843657,0,0,5,0,0,0,0,0,1,0,0.0,0.0,-3.405678840124331,0.0,0.0,0.0,0.0,0.0,-3.405678840124331,0.0,0,0.0,0,0,0,0,0,0,0,0,DIOFAB,6342974,Walmart Full SC,4363970,EC-08,2026-05-17T23:59:59.000000
54510164,64,1484362,157792509,0,5,18,0,0,0,0,0,0,0,0.0,-16.262987061107737,-19.51558447332928,0.0,0.0,0.0,0.0,0.0,0.0,0.0,0,0.0,0,0,0,0,0,0,0,0,VIÑJOS,4433380,Liverpool Local,4363964,EC-01,2026-05-17T23:59:59.000000
54510168,16,3191753,161446963,1,18,2,0,0,0,0,0,0,0,-25.21097340552355,-27.227851277965446,-1.0084389362209418,0.0,0.0,0.0,0.0,0.0,0.0,0.0,9830044,-30.443570499371983,0,0,0,0,0,0,0,0,ZAPDAV,4433638,Circuitos,4363966,EC-03,2026-05-17T23:59:59.000000
54510169,93,5807952,301176517,0,9,0,0,0,0,0,0,0,0,0.0,-7.4815163761684005,0.0,0.0,0.0,0.0,0.0,0.0,0.0,0.0,0,0.0,0,0,0,0,0,0,0,0,ANDVIC,7353098,MeLi Dedicado TD,4363967,EC-05,2026-05-17T23:59:59.000000
54510170,92,1743737,138552283,0,0,4,0,0,1,0,0,0,0,0.0,0.0,-3.691712683736137,0.0,0.0,-4.614640854670171,0.0,0.0,0.0,0.0,0,0.0,0,0,0,0,0,0,0,0,GOMARQ,6342838,Walmart Sencillo SC,4363970,EC-08,2026-05-17T23:59:59.000000
54510172,100,12142,1042005,0,0,0,0,0,0,0,0,0,0,0.0,0.0,0.0,0.0,0.0,0.0,0.0,0.0,0.0,0.0,0,0.0,0,0,0,0,0,0,0,0,GONMAR02,6342838,Walmart Sencillo SC,4363970,EC-08,2026-05-17T23:59:59.000000
54510174,84,504169,43137917,0,1,2,0,0,0,0,0,0,0,0.0,-9.576217498497527,-6.3841449989983525,0.0,0.0,0.0,0.0,0.0,0.0,0.0,0,0.0,0,0,0,0,0,0,0,0,CRURIC01,6342838,Walmart Sencillo SC,4363970,EC-08,2026-05-17T23:59:59.000000
54510175,78,446980,35109379,0,2,0,0,0,0,0,0,0,0,0.0,-21.60289945858875,0.0,0.0,0.0,0.0,0.0,0.0,0.0,0.0,0,0.0,0,0,0,0,0,0,0,0,GUZONE,6342838,Walmart Sencillo SC,4363970,EC-08,2026-05-17T23:59:59.000000
54510176,100,3958392,253755049,0,0,1,0,0,0,0,0,0,0,0.0,0.0,-0.40656509006687563,0.0,0.0,0.0,0.0,0.0,0.0,0.0,0,0.0,0,0,0,0,0,0,0,0,ELIROB,6342974,Walmart Full SC,4363970,EC-08,2026-05-17T23:59:59.000000
54510177,78,941327,62512533,0,4,1,0,0,0,0,0,0,0,0.0,-20.51585474548164,-1.7096545621234702,0.0,0.0,0.0,0.0,0.0,0.0,0.0,0,0.0,0,0,0,0,0,0,0,0,DELLUI,6342974,Walmart Full SC,4363970,EC-08,2026-05-17T23:59:59.000000
54510178,63,1233759,88706753,0,9,1,0,0,0,0,0,0,0,0.0,-35.219429402338704,-1.3044233111977297,0.0,0.0,0.0,0.0,0.0,0.0,0.0,0,0.0,0,0,0,0,0,0,0,0,CONQUE,6342838,Walmart Sencillo SC,4363970,EC-08,2026-05-17T23:59:59.000000
54510179,75,1371830,100848129,0,7,0,0,0,0,0,0,0,0,0.0,-24.635868875881126,0.0,0.0,0.0,0.0,0.0,0.0,0.0,0.0,0,0.0,0,0,0,0,0,0,0,0,CRICRI,6342838,Walmart Sencillo SC,4363970,EC-08,2026-05-17T23:59:59.000000
54510180,87,1846645,106348015,0,5,0,0,0,0,0,0,0,0,0.0,-13.072442185693514,0.0,0.0,0.0,0.0,0.0,0.0,0.0,0.0,0,0.0,0,0,0,0,0,0,0,0,LEMJOS,4363972,MeLi Asignado,4363967,EC-05,2026-05-17T23:59:59.000000
54510183,0,1588482,93323346,8,5,5,0,0,0,0,0,0,0,-405.2533173180433,-15.196999399426623,-5.065666466475541,0.0,0.0,0.0,0.0,0.0,0.0,0.0,916889,-4.912431022351042,17,0,3,1,0,6,0,0,MAXRAM,4433638,Circuitos,4363966,EC-03,2026-05-17T23:59:59.000000
54510184,88,683564,90982146,0,0,0,0,0,0,1,0,0,0,0.0,0.0,0.0,0.0,0.0,0.0,-11.771714133570521,0.0,0.0,0.0,0,0.0,0,0,0,0,0,0,0,0,SOLJAV,4433387,Pilgrims Tepo,4363965,EC-02,2026-05-17T23:59:59.000000
54510186,42,440949,35636509,0,3,7,0,0,0,0,0,0,0,0.0,-32.84755379873863,-25.548097399018932,0.0,0.0,0.0,0.0,0.0,0.0,0.0,0,0.0,0,0,0,0,0,0,0,0,ROMEDU,4713211,Walmart Sencillo ,4363970,EC-08,2026-05-17T23:59:59.000000
54510679,0,1009806,58006419,1,2,2,0,0,0,2,0,0,0,-79.6858010350503,-9.562296124206036,-3.187432041402012,0.0,0.0,0.0,-15.937160207010061,0.0,0.0,0.0,0,0.0,0,0,0,0,0,0,0,0,RIVOSC,7353098,MeLi Dedicado TD,4363967,EC-05,2026-05-17T23:59:59.000000
54510680,73,235439,28135631,0,1,1,0,0,0,0,0,0,0,0.0,-20.506509117011202,-6.835503039003734,0.0,0.0,0.0,0.0,0.0,0.0,0.0,0,0.0,0,0,0,0,0,0,0,0,GRACAR,4433380,Liverpool Local,4363964,EC-01,2026-05-17T23:59:59.000000
54510681,52,33829,2462982,0,0,1,0,0,0,0,0,0,0,0.0,0.0,-47.57291081616365,0.0,0.0,0.0,0.0,0.0,0.0,0.0,0,0.0,0,0,0,0,0,0,0,0,ZEPOSC,7353098,MeLi Dedicado TD,4363967,EC-05,2026-05-17T23:59:59.000000
54510682,100,475056,23016034,0,0,0,0,0,0,0,0,0,0,0.0,0.0,0.0,0.0,0.0,0.0,0.0,0.0,0.0,0.0,0,0.0,0,0,0,0,0,0,0,0,BARMAR,4433638,Circuitos,4363966,EC-03,2026-05-17T23:59:59.000000
54596810,100,1211518,68041954,0,0,0,0,0,0,0,0,0,0,0.0,0.0,0.0,0.0,0.0,0.0,0.0,0.0,0.0,0.0,0,0.0,0,0,0,0,0,0,0,0,GOMSER,4363972,MeLi Asignado,4363967,EC-05,2026-05-17T23:59:59.000000
54596811,75,2760534,140648301,0,8,7,0,1,1,0,0,0,0,0.0,-13.99158858394789,-4.080880003651467,0.0,-0.25595758885135766,-2.914914288322477,0.0,0.0,0.0,0.0,1167695,-4.151116621024807,0,0,0,0,0,0,0,0,CORALO,7353098,MeLi Dedicado TD,4363967,EC-05,2026-05-17T23:59:59.000000
54596812,79,5017195,238401089,0,19,6,0,3,0,0,0,0,0,0.0,-18.283644147775796,-1.9245941208185051,0.0,-0.4530180648629504,0.0,0.0,0.0,0.0,0.0,0,0.0,0,0,0,0,0,0,0,0,MARVIC01,6342974,Walmart Full SC,4363970,EC-08,2026-05-17T23:59:59.000000
54596813,82,1645508,149289023,0,4,1,0,0,0,1,0,0,0,0.0,-11.736271108982757,-0.9780225924152298,0.0,0.0,0.0,-4.890112962076149,0.0,0.0,0.0,0,0.0,0,0,0,0,0,0,0,0,MARRON,6342974,Walmart Full SC,4363970,EC-08,2026-05-17T23:59:59.000000
54596817,100,55110,4271884,0,0,0,0,0,0,0,0,0,0,0.0,0.0,0.0,0.0,0.0,0.0,0.0,0.0,0.0,0.0,0,0.0,0,0,0,0,0,0,0,0,CONGAB,6342974,Walmart Full SC,4363970,EC-08,2026-05-17T23:59:59.000000
54596820,90,3657882,238547950,0,7,2,0,0,0,0,0,0,0,0.0,-9.239287653346938,-0.8799321574616131,0.0,0.0,0.0,0.0,0.0,0.0,0.0,50010,-0.10482169308099272,0,0,0,0,0,0,0,0,LOPNEF01,6342974,Walmart Full SC,4363970,EC-08,2026-05-17T23:59:59.000000
54596821,86,911438,74425083,0,0,8,0,0,0,0,0,0,0,0.0,0.0,-14.125757319751866,0.0,0.0,0.0,0.0,0.0,0.0,0.0,0,0.0,0,0,0,0,0,0,0,0,OLMPAB,6342838,Walmart Sencillo SC,4363970,EC-08,2026-05-17T23:59:59.000000
54633161,90,167121,61740587,0,0,1,0,0,0,0,0,0,0,0.0,0.0,-9.62981312940923,0.0,0.0,0.0,0.0,0.0,0.0,0.0,0,0.0,0,0,0,0,0,0,0,0,MORFRA01,6862126,Patieros Crisa,5021095,EC-10,2026-05-17T23:59:59.000000
54633163,79,2951079,151133440,0,12,0,0,0,0,0,0,0,0,0.0,-19.632271450544025,0.0,0.0,0.0,0.0,0.0,0.0,0.0,0.0,377015,-1.2472917972356086,0,0,0,0,0,0,0,0,MELVIC,4433382,Liverpool Full,4363964,EC-01,2026-05-17T23:59:59.000000
54633164,89,476710,29326229,0,0,3,0,0,0,0,0,0,0,0.0,0.0,-10.127817750833842,0.0,0.0,0.0,0.0,0.0,0.0,0.0,38019,-0.6482081279526256,0,0,0,0,0,0,0,0,ALOJES01,4433382,Liverpool Full,4363964,EC-01,2026-05-17T23:59:59.000000
54633169,22,476259,44643883,0,6,5,0,0,0,0,0,0,0,0.0,-60.82445056156419,-16.895680711545612,0.0,0.0,0.0,0.0,0.0,0.0,0.0,0,0.0,0,0,0,0,0,0,0,0,SABLUI,4433380,Liverpool Local,4363964,EC-01,2026-05-17T23:59:59.000000
54633174,61,3219193,222757415,0,26,0,0,0,0,0,0,0,0,0.0,-38.99388200707447,0.0,0.0,0.0,0.0,0.0,0.0,0.0,0.0,32974,-0.07401324889678756,0,0,0,0,0,0,0,0,CHARIC,6342974,Walmart Full SC,4363970,EC-08,2026-05-17T23:59:59.000000
54633175,79,1636928,98273679,0,7,0,0,0,0,0,0,0,0,0.0,-20.64612738006803,0.0,0.0,0.0,0.0,0.0,0.0,0.0,0.0,33007,-0.16793408131184343,0,0,0,0,0,0,0,0,DELNAI,6342974,Walmart Full SC,4363970,EC-08,2026-05-17T23:59:59.000000
54633181,85,2272828,125628258,0,5,1,0,0,0,1,0,0,0,0.0,-10.621199668430695,-0.7080799778953797,0.0,0.0,0.0,-3.5403998894768987,0.0,0.0,0.0,32990,-0.13130007740774371,0,0,0,0,0,0,0,0,SANRAC,6342974,Walmart Full SC,4363970,EC-08,2026-05-17T23:59:59.000000
54633182,84,1025313,87194317,0,0,0,0,0,1,0,0,1,0,0.0,0.0,0.0,0.0,0.0,-7.848062006431207,0.0,0.0,-7.848062006431207,0.0,0,0.0,0,0,0,0,0,0,0,0,NARJUA,4713211,Walmart Sencillo ,4363970,EC-08,2026-05-17T23:59:59.000000
54715352,67,1895405,155107944,0,12,3,0,0,0,0,0,0,0,0.0,-30.56675697278418,-2.547229747732015,0.0,0.0,0.0,0.0,0.0,0.0,0.0,0,0.0,0,0,0,0,0,0,0,0,SANVIC03,6342838,Walmart Sencillo SC,4363970,EC-08,2026-05-17T23:59:59.000000
54826405,94,3204720,219131178,0,2,0,0,0,1,0,0,0,0,0.0,-3.0130757133228494,0.0,0.0,0.0,-2.510896427769041,0.0,0.0,0.0,0.0,0,0.0,0,0,0,0,0,0,0,0,DELISA,6342974,Walmart Full SC,4363970,EC-08,2026-05-17T23:59:59.000000
55140788,91,2727873,157458978,0,5,0,0,0,0,0,0,0,0,0.0,-8.849444237323365,0.0,0.0,0.0,0.0,0.0,0.0,0.0,0.0,0,0.0,0,0,0,0,0,0,0,0,MADBAR,6342974,Walmart Full SC,4363970,EC-08,2026-05-17T23:59:59.000000
55464288,100,75016,31663970,0,0,0,0,0,0,0,0,0,0,0.0,0.0,0.0,0.0,0.0,0.0,0.0,0.0,0.0,0.0,0,0.0,0,0,0,0,0,0,0,0,IREJUA,4984761,Mabe,5021095,EC-10,2026-05-17T23:59:59.000000
55520488,63,1362089,83919957,0,7,0,0,0,0,2,0,0,0,0.0,-24.812052663225387,0.0,0.0,0.0,0.0,-11.815263172964471,0.0,0.0,0.0,35001,-0.20853800008500956,0,0,0,0,0,0,0,0,URIRIG,7353098,MeLi Dedicado TD,4363967,EC-05,2026-05-17T23:59:59.000000
55520490,23,5716936,291415294,0,46,32,0,11,0,1,0,1,1,0.0,-38.84764006453809,-9.008148420762446,0.0,-1.3588854399659613,0.0,-1.4075231907441328,0.0,-1.4075231907441328,-14.07523190744133,6288960,-10.790373960263047,33,0,22,10,0,0,0,0,ALVCAR,7353098,MeLi Dedicado TD,4363967,EC-05,2026-05-17T23:59:59.000000
55520491,35,785215,52461046,0,6,8,0,0,1,0,0,0,0,0.0,-36.89205122163994,-16.39646720961775,0.0,0.0,-10.247792006011093,0.0,0.0,0.0,0.0,129936,-1.2384045869005358,0,0,0,0,0,0,0,0,GALBON,4433638,Circuitos,4363966,EC-03,2026-05-17T23:59:59.000000
55520493,100,137413,16382006,0,0,0,0,0,0,0,0,0,0,0.0,0.0,0.0,0.0,0.0,0.0,0.0,0.0,0.0,0.0,0,0.0,0,0,0,0,0,0,0,0,TOSJUA,5379379,Wm Backhaul,4363970,EC-08,2026-05-17T23:59:59.000000
55520496,96,6256048,330286426,0,4,3,0,0,0,0,0,0,0,0.0,-3.0869532970335265,-0.7717383242583815,0.0,0.0,0.0,0.0,0.0,0.0,0.0,247559,-0.37476411458701603,0,0,0,0,0,0,0,0,RUIGUI,7353098,MeLi Dedicado TD,4363967,EC-05,2026-05-17T23:59:59.000000
55520500,87,3118402,160341122,0,7,2,0,0,0,0,0,0,0,0.0,-10.83767391118913,-1.0321594201132502,0.0,0.0,0.0,0.0,0.0,0.0,0.0,323003,-1.0072369332678113,0,0,0,0,0,0,0,0,SANVIC04,4363972,MeLi Asignado,4363967,EC-05,2026-05-17T23:59:59.000000
55520502,91,2726186,148312653,0,3,1,0,0,0,0,0,0,0,0.0,-5.312952234366988,-0.5903280260407764,0.0,0.0,0.0,0.0,0.0,0.0,0.0,1052021,-3.5466326666006034,0,0,0,0,0,0,0,0,ANGGIL,4363972,MeLi Asignado,4363967,EC-05,2026-05-17T23:59:59.000000
55520504,100,0,0,0,0,0,0,0,0,0,0,0,0,0.0,0.0,0.0,0.0,0.0,0.0,0.0,0.0,0.0,0.0,0,0.0,0,0,0,0,0,0,0,0,BADCHA,4433387,Pilgrims Tepo,4363965,EC-02,2026-05-17T23:59:59.000000
55520507,0,59026,6062994,0,0,0,0,0,0,0,0,1,0,0.0,0.0,0.0,0.0,0.0,0.0,0.0,0.0,-136.32500931792768,0.0,0,0.0,0,0,0,0,0,0,0,0,CRUMAN,4363972,MeLi Asignado,4363967,EC-05,2026-05-17T23:59:59.000000
55520509,77,417284,56682309,0,0,1,0,0,0,1,0,0,0,0.0,0.0,-3.8567114962471605,0.0,0.0,0.0,-19.283557481235803,0.0,0.0,0.0,0,0.0,0,0,0,1,0,0,0,0,ISLJON01,4433387,Pilgrims Tepo,4363965,EC-02,2026-05-17T23:59:59.000000
55520514,95,6814459,332400667,0,3,9,0,0,0,0,0,0,0,0.0,-2.1254946284070386,-2.1254946284070386,0.0,0.0,0.0,0.0,0.0,0.0,0.0,238216,-0.3583265974613703,0,0,0,0,0,0,0,0,RESALD,4363972,MeLi Asignado,4363967,EC-05,2026-05-17T23:59:59.000000
55520515,69,262771,37117107,0,0,0,0,0,0,1,0,0,0,0.0,0.0,0.0,0.0,0.0,0.0,-30.62255728371852,0.0,0.0,0.0,0,0.0,0,0,0,0,0,0,0,0,ROBDAN01,4433387,Pilgrims Tepo,4363965,EC-02,2026-05-17T23:59:59.000000
55520516,42,1382469,92309829,0,16,2,0,0,0,0,0,0,0,0.0,-55.87721098990286,-2.328217124579285,0.0,0.0,0.0,0.0,0.0,0.0,0.0,0,0.0,0,0,0,0,0,0,0,0,MENJOS02,6342974,Walmart Full SC,4363970,EC-08,2026-05-17T23:59:59.000000
55520541,0,586180,66433092,0,3,3,0,0,0,1,0,1,1,0.0,-24.70929748541404,-8.236432495138015,0.0,0.0,0.0,-13.727387491896689,0.0,-13.727387491896689,-137.2738749189669,0,0.0,0,0,0,0,0,0,0,0,JIMJO05,4433384,Pipas,4363965,EC-02,2026-05-17T23:59:59.000000
55520542,51,4039709,207358132,2,0,1,0,0,0,0,0,0,0,-39.83811705249067,0.0,-0.3983811705249066,0.0,0.0,0.0,0.0,0.0,0.0,0.0,3743866,-9.027535992656414,0,0,0,0,0,0,0,0,MATOSC,4433638,Circuitos,4363966,EC-03,2026-05-17T23:59:59.000000
55520543,0,50569,16335378,1,0,0,0,0,0,0,0,0,0,-1591.2357373094187,0.0,0.0,0.0,0.0,0.0,0.0,0.0,0.0,0.0,0,0.0,0,0,0,0,0,1,0,0,DELALE01,6862126,Patieros Crisa,5021095,EC-10,2026-05-17T23:59:59.000000
55520547,60,599127,67209467,0,1,12,0,0,0,0,0,0,0,0.0,-8.058445037529605,-32.23378015011841,0.0,0.0,0.0,0.0,0.0,0.0,0.0,0,0.0,0,0,0,0,0,0,0,0,TINJOS,4433380,Liverpool Local,4363964,EC-01,2026-05-17T23:59:59.000000
55520549,52,1203042,62236940,0,12,0,0,0,0,0,0,0,0,0.0,-48.15823886447854,0.0,0.0,0.0,0.0,0.0,0.0,0.0,0.0,0,0.0,0,0,0,0,0,0,0,0,MEJSAU,7353098,MeLi Dedicado TD,4363967,EC-05,2026-05-17T23:59:59.000000
55749760,49,1447926,87115337,0,12,10,0,0,0,0,0,0,0,0.0,-40.013359798774246,-11.11482216632618,0.0,0.0,0.0,0.0,0.0,0.0,0.0,0,0.0,0,0,0,0,0,0,0,0,CALISI,5379379,Wm Backhaul,4363970,EC-08,2026-05-17T23:59:59.000000
55804793,97,3362657,194019491,0,2,0,0,0,0,0,0,0,0,0.0,-2.8715578187129998,0.0,0.0,0.0,0.0,0.0,0.0,0.0,0.0,0,0.0,0,0,0,0,0,0,0,0,HERPED01,5379379,Wm Backhaul,4363970,EC-08,2026-05-17T23:59:59.000000
55804806,59,623465,39962803,0,5,1,0,0,0,0,0,0,0,0.0,-38.71935072538154,-2.581290048358769,0.0,0.0,0.0,0.0,0.0,0.0,0.0,0,0.0,0,0,0,0,0,0,0,0,MORMAN,5379379,Wm Backhaul,4363970,EC-08,2026-05-17T23:59:59.000000
55806653,95,4556106,250045911,0,1,0,0,0,0,1,0,0,0,0.0,-1.059683861613404,0.0,0.0,0.0,0.0,-1.7661397693556737,0.0,0.0,0.0,1108961,-2.217514766718181,0,0,0,0,0,0,0,0,CURHEC,4357030,Sayer Sencillo,4363965,EC-02,2026-05-17T23:59:59.000000
55843760,84,1923304,135518964,0,6,1,0,0,0,0,0,0,0,0.0,-15.061681356665405,-0.8367600753703003,0.0,0.0,0.0,0.0,0.0,0.0,0.0,0,0.0,0,0,0,0,0,0,0,0,VILSAM,5379379,Wm Backhaul,4363970,EC-08,2026-05-17T23:59:59.000000
55844088,52,1744643,108164545,0,14,0,0,0,2,0,0,0,0,0.0,-38.742853408978235,0.0,0.0,0.0,-9.224488906899577,0.0,0.0,0.0,0.0,32998,-0.1525361198533216,0,0,0,0,0,0,0,0,ZARPED,4433387,Pilgrims Tepo,4363965,EC-02,2026-05-17T23:59:59.000000
55883758,100,310,240004,0,0,0,0,0,0,0,0,0,0,0.0,0.0,0.0,0.0,0.0,0.0,0.0,0.0,0.0,0.0,0,0.0,0,0,0,0,0,0,0,0,,,,,,2026-05-17T23:59:59.000000
55884320,100,2766074,163667621,0,0,0,0,0,0,0,0,0,0,0.0,0.0,0.0,0.0,0.0,0.0,0.0,0.0,0.0,0.0,0,0.0,0,0,0,0,0,0,0,0,OROANT,5379379,Wm Backhaul,4363970,EC-08,2026-05-17T23:59:59.000000
55982602,9,2837631,151662144,0,29,3,0,0,0,2,0,1,0,0.0,-49.34148520367867,-1.701430524264783,0.0,0.0,0.0,-5.67143508088261,0.0,-2.835717540441305,0.0,9553114,-31.494721583258112,62,0,6,1,2,0,0,1,,,,,,2026-05-17T23:59:59.000000
56001080,100,158073,7609033,0,0,0,0,0,0,0,0,0,0,0.0,0.0,0.0,0.0,0.0,0.0,0.0,0.0,0.0,0.0,0,0.0,0,0,0,0,0,0,0,0,MORJES,5379379,Wm Backhaul,4363970,EC-08,2026-05-17T23:59:59.000000
56012138,93,2133704,136439118,0,1,6,0,0,0,0,0,0,0,0.0,-2.2627468477352064,-4.525493695470412,0.0,0.0,0.0,0.0,0.0,0.0,0.0,47983,-0.17584033341523067,0,0,0,0,0,0,0,0,ESPALB,7457303,Conductores Full,5021095,EC-10,2026-05-17T23:59:59.000000
56123719,48,2344624,121881043,0,21,6,0,0,0,0,0,0,0,0.0,-43.24304110168624,-4.118384866827261,0.0,0.0,0.0,0.0,0.0,0.0,0.0,1148200,-4.710330547466681,10,0,8,0,0,0,0,0,,,,,,2026-05-17T23:59:59.000000
56125080,51,2750794,148724904,0,24,10,1,0,0,0,0,0,0,0.0,-42.123389828536794,-5.850470809518997,-0.2420576448985302,0.0,0.0,0.0,0.0,0.0,0.0,87014,-0.29253338768334325,0,0,0,0,0,0,0,0,,,,,,2026-05-17T23:59:59.000000
56161289,75,319582,28764317,0,0,0,0,0,1,0,0,0,0,0.0,0.0,0.0,0.0,0.0,-25.178889924964487,0.0,0.0,0.0,0.0,0,0.0,0,0,0,0,0,0,0,0,LOMELI,4433380,Liverpool Local,4363964,EC-01,2026-05-17T23:59:59.000000
56161751,81,1841018,180124115,0,6,1,0,0,0,0,0,0,0,0.0,-15.734877116899455,-0.8741598398277475,0.0,0.0,0.0,0.0,0.0,0.0,0.0,701125,-1.946227466544388,4,0,1,1,0,0,0,0,AGUMAR,4433380,Liverpool Local,4363964,EC-01,2026-05-17T23:59:59.000000
56173877,78,2496533,159061443,0,7,13,0,0,0,0,0,0,0,0.0,-13.537263076434398,-8.38021047588796,0.0,0.0,0.0,0.0,0.0,0.0,0.0,137914,-0.4335242953881665,0,0,0,0,0,0,0,0,JIMJUA,5379379,Wm Backhaul,4363970,EC-08,2026-05-17T23:59:59.000000
56710050,100,100838,36034055,0,0,0,0,0,0,0,0,0,0,0.0,0.0,0.0,0.0,0.0,0.0,0.0,0.0,0.0,0.0,0,0.0,0,0,0,0,0,0,0,0,MORVIC,6862126,Patieros Crisa,5021095,EC-10,2026-05-17T23:59:59.000000
56792889,0,407294,26049910,0,7,8,0,0,0,0,0,0,0,0.0,-82.9774659091467,-31.610463203484468,0.0,0.0,0.0,0.0,0.0,0.0,0.0,273935,-5.257887647212601,0,0,0,0,0,0,0,0,JARJAC,7353092,Sayer Patios y T.,4363965,EC-02,2026-05-17T23:59:59.000000
56999450,57,3292503,316030179,1,2,17,0,0,0,0,0,0,0,-24.439522150777083,-2.93274265809325,-8.309437531264207,0.0,0.0,0.0,0.0,0.0,0.0,0.0,4399259,-6.96018812810912,0,0,0,0,0,0,0,0,VENJUA01,4433380,Liverpool Local,4363964,EC-01,2026-05-17T23:59:59.000000
57143311,77,2925925,174399657,0,4,12,0,0,1,1,0,0,0,0.0,-6.600349633022036,-6.600349633022038,0.0,0.0,-2.7501456804258484,-2.7501456804258484,0.0,0.0,0.0,1364150,-3.9109881964962807,0,0,0,0,0,0,0,0,RUBURI,4357030,Sayer Sencillo,4363965,EC-02,2026-05-17T23:59:59.000000
57221761,36,1329831,128758867,0,13,9,0,0,0,1,0,0,0,0.0,-47.19728747487462,-10.891681724971066,0.0,0.0,0.0,-6.050934291650593,0.0,0.0,0.0,0,0.0,0,0,8,6,0,0,0,0,CHAPED,4433380,Liverpool Local,4363964,EC-01,2026-05-17T23:59:59.000000
57221824,0,920177,73125723,1,24,23,0,0,0,0,0,0,0,-87.44752368294361,-125.92443410343876,-40.22586089415407,0.0,0.0,0.0,0.0,0.0,0.0,0.0,34006,-0.23251735917879404,0,0,6,4,0,0,0,0,ESTRIC,4433380,Liverpool Local,4363964,EC-01,2026-05-17T23:59:59.000000
57221867,20,1571351,150632818,0,20,18,0,0,0,0,0,0,0,0.0,-61.450713430672046,-18.435214029201624,0.0,0.0,0.0,0.0,0.0,0.0,0.0,126355,-0.41941391549881246,0,0,4,3,0,0,0,0,REYPED01,4433380,Liverpool Local,4363964,EC-01,2026-05-17T23:59:59.000000
57288602,17,213048,16541971,0,1,3,0,0,0,1,0,0,0,0.0,-22.66171003717472,-22.66171003717472,0.0,0.0,0.0,-37.76951672862454,0.0,0.0,0.0,0,0.0,0,0,0,0,0,0,0,0,CARCAR,4433638,Circuitos,4363966,EC-03,2026-05-17T23:59:59.000000
57379243,33,2827333,157294065,2,6,0,0,0,0,0,0,0,0,-56.920921589356475,-10.245765886084165,0.0,0.0,0.0,0.0,0.0,0.0,0.0,0.0,34003,-0.10808735854083243,0,0,0,0,0,0,0,0,,,,,,2026-05-17T23:59:59.000000
57405935,54,3809742,199404733,0,23,26,0,3,0,0,0,0,0,0.0,-29.147573772712157,-10.983143740442268,0.0,-0.5416120188079989,0.0,0.0,0.0,0.0,0.0,2292392,-5.748088236200491,0,0,0,0,0,0,0,0,GUEEDG,4433382,Liverpool Full,4363964,EC-01,2026-05-17T23:59:59.000000
57423683,92,2495027,146370293,0,4,0,0,0,0,0,0,0,0,0.0,-7.740248101523551,0.0,0.0,0.0,0.0,0.0,0.0,0.0,0.0,0,0.0,0,0,0,0,0,0,0,0,HERJON,5379379,Wm Backhaul,4363970,EC-08,2026-05-17T23:59:59.000000
57423693,85,2925607,191021536,0,9,0,0,0,0,0,0,0,0,0.0,-14.852400886380158,0.0,0.0,0.0,0.0,0.0,0.0,0.0,0.0,110028,-0.2879989406011268,2,0,1,0,0,0,0,0,AGUJOS01,5379379,Wm Backhaul,4363970,EC-08,2026-05-17T23:59:59.000000
57423728,66,3023512,192241297,0,18,5,0,0,1,0,0,0,0,0.0,-28.742924122675895,-2.66138186321073,0.0,0.0,-2.66138186321073,0.0,0.0,0.0,0.0,103006,-0.26790809677069544,0,0,1,0,0,0,0,0,ROSEDU,5379379,Wm Backhaul,4363970,EC-08,2026-05-17T23:59:59.000000
57517035,56,3768992,182097274,0,24,10,0,0,0,0,0,0,0,0.0,-30.74370229493723,-4.269958652074614,0.0,0.0,0.0,0.0,0.0,0.0,0.0,3263502,-8.960875493391516,0,0,7,5,0,0,0,0,,,,,,2026-05-17T23:59:59.000000
57517039,33,1481299,87486169,0,16,13,0,0,0,0,0,0,0,0.0,-52.14916907390068,-14.1237332908481,0.0,0.0,0.0,0.0,0.0,0.0,0.0,66995,-0.382889094160701,0,0,0,0,0,0,0,0,,,,,,2026-05-17T23:59:59.000000
57918834,18,4357652,243682458,0,65,27,0,0,0,0,0,0,0,0.0,-72.01632438753715,-9.971491069043605,0.0,0.0,0.0,0.0,0.0,0.0,0.0,0,0.0,0,0,23,9,0,0,0,0,ZETJUL,5379379,Wm Backhaul,4363970,EC-08,2026-05-17T23:59:59.000000
57918842,92,1755457,110972106,0,1,6,0,0,0,0,0,0,0,0.0,-2.7502992098353873,-5.500598419670775,0.0,0.0,0.0,0.0,0.0,0.0,0.0,0,0.0,0,0,0,0,0,0,0,0,ARCGUI,5379379,Wm Backhaul,4363970,EC-08,2026-05-17T23:59:59.000000
57931203,17,2732880,154179659,2,10,3,0,0,0,0,0,0,0,-58.88820584877492,-17.666461754632476,-1.7666461754632476,0.0,0.0,0.0,0.0,0.0,0.0,0.0,1349931,-4.377785658483004,10,0,4,1,0,0,0,0,,,,,,2026-05-17T23:59:59.000000
57931240,91,1596899,82397190,0,2,1,0,0,0,0,0,0,0,0.0,-6.04675937551467,-1.007793229252445,0.0,0.0,0.0,0.0,0.0,0.0,0.0,342951,-2.0810843185307655,0,0,0,0,0,0,0,0,,,,,,2026-05-17T23:59:59.000000
57931265,74,3107738,156834400,0,10,9,0,0,0,0,0,1,0,0.0,-15.535518116392055,-4.660655434917616,0.0,0.0,0.0,0.0,0.0,-2.5892530193986754,0.0,1109995,-3.538748514356544,0,0,0,0,0,0,0,0,,,,,,2026-05-17T23:59:59.000000
57935126,82,825574,57774183,0,3,0,0,0,0,0,0,0,0,0.0,-17.54427343884376,0.0,0.0,0.0,0.0,0.0,0.0,0.0,0.0,0,0.0,0,0,0,0,0,0,0,0,SALDAN,4433638,Circuitos,4363966,EC-03,2026-05-17T23:59:59.000000
58032737,0,193200,9585292,0,4,0,0,0,0,0,0,0,0,0.0,-99.95925465838509,0.0,0.0,0.0,0.0,0.0,0.0,0.0,0.0,33040,-1.7234738388773132,1,0,2,0,0,0,0,0,,,,,,2026-05-17T23:59:59.000000
